seqname	sample	start	end	width	indelType	readID
dpy-10	phen_dpy-10_sg1sg2_16	138	139	2	I	NB501326:179:HYM7VAFXX:1:11101:9964:2247 1:N:0:AAGAGGCA+ATTAGACG
dpy-10	phen_dpy-10_sg1sg2_16	63	64	2	I	NB501326:179:HYM7VAFXX:1:11101:26765:3250 1:N:0:AAGAGGCT+ATTAGACG
dpy-10	phen_dpy-10_sg1sg2_16	180	197	18	D	NB501326:179:HYM7VAFXX:1:11101:11464:2416 1:N:0:AAGAGGCA+ATTAGACG
dpy-10	phen_dpy-10_sg1sg2_16	237	237	1	D	NB501326:179:HYM7VAFXX:1:11101:7339:2817 1:N:0:AAGAGGCA+ATTAGACG
dpy-10	phen_dpy-10_sg1sg2_16	329	361	33	D	NB501326:179:HYM7VAFXX:1:11101:21237:2161 1:N:0:AAGAGGCA+ATTAGACG
dpy-10	phen_dpy-10_sg1sg2_16	393	394	2	I	NB501326:179:HYM7VAFXX:1:11101:2281:3576 1:N:0:AACAGGCA+ATTAGACG
dpy-10	phen_dpy-10_sg1sg2_16	434	434	1	D	NB501326:179:HYM7VAFXX:1:11101:25987:6031 1:N:0:AAGAGGCA+ATTAGACG
dpy-10	phen_dpy-10_sg1sg2_16	463	464	2	I	NB501326:179:HYM7VAFXX:1:11101:12553:2053 1:N:0:AAGAGGCA+ATTAGACG
dpy-10	phen_dpy-10_sg1sg2_16	510	510	1	D	NB501326:179:HYM7VAFXX:1:11101:12553:2053 1:N:0:AAGAGGCA+ATTAGACG
dpy-10	phen_dpy-10_sg1sg2_16	516	516	1	D	NB501326:179:HYM7VAFXX:1:11101:6792:1688 1:N:0:AAGAGGCA+ATTAGACG
dpy-10	phen_dpy-10_sg1sg2_16	623	625	3	D	NB501326:179:HYM7VAFXX:1:11101:5807:1314 1:N:0:AAGAGGCA+ATTAGACG
dpy-10	phen_dpy-10_sg1sg2_16	667	667	1	D	NB501326:179:HYM7VAFXX:1:11101:5807:1314 1:N:0:AAGAGGCA+ATTAGACG
dpy-10	phen_dpy-10_sg1sg2_16	619	619	1	D	NB501326:179:HYM7VAFXX:1:11101:22704:2913 1:N:0:AAGAGGCA+ATTAGACG
dpy-10	phen_dpy-10_sg1sg2_16	731	740	10	D	NB501326:179:HYM7VAFXX:1:11101:17362:2083 1:N:0:AAGAGGCA+ATTAGACG
dpy-10	phen_dpy-10_sg1sg2_16	731	740	10	D	NB501326:179:HYM7VAFXX:1:11101:6956:1520 1:N:0:AAGAGGCA+ATTAGACG
dpy-10	phen_dpy-10_sg1sg2_16	731	740	10	D	NB501326:179:HYM7VAFXX:1:11101:9230:1841 1:N:0:AAGAGGCA+ATTAGACG
dpy-10	phen_dpy-10_sg1sg2_16	731	740	10	D	NB501326:179:HYM7VAFXX:1:11101:24016:2748 1:N:0:AAGAGGCA+ATTAGACG
dpy-10	phen_dpy-10_sg1sg2_16	731	740	10	D	NB501326:179:HYM7VAFXX:1:11101:13160:3253 1:N:0:AAGAGGCA+ATTAGACG
dpy-10	phen_dpy-10_sg1sg2_16	731	740	10	D	NB501326:179:HYM7VAFXX:1:11101:22768:4670 1:N:0:AAGAGGCA+ATTAGACG
dpy-10	phen_dpy-10_sg1sg2_16	731	740	10	D	NB501326:179:HYM7VAFXX:1:11101:21824:5385 1:N:0:AAGAGGCA+ATTAGACG
dpy-10	phen_dpy-10_sg1sg2_16	731	740	10	D	NB501326:179:HYM7VAFXX:1:11101:20704:5201 1:N:0:AAGAGGCA+ATTAGACG
dpy-10	phen_dpy-10_sg1sg2_16	731	740	10	D	NB501326:179:HYM7VAFXX:1:11101:8075:5811 1:N:0:AAGAGGCA+ATTAGACG
dpy-10	phen_dpy-10_sg1sg2_16	731	740	10	D	NB501326:179:HYM7VAFXX:1:11101:18785:1808 1:N:0:AAGAGGCA+ATTAGACG
dpy-10	phen_dpy-10_sg1sg2_16	731	740	10	D	NB501326:179:HYM7VAFXX:1:11101:2359:3561 1:N:0:AAGAGGCA+ATTAGACG
dpy-10	phen_dpy-10_sg1sg2_16	731	740	10	D	NB501326:179:HYM7VAFXX:1:11101:17667:5918 1:N:0:AAGAGGCA+ATTAGACG
dpy-10	phen_dpy-10_sg1sg2_16	731	740	10	D	NB501326:179:HYM7VAFXX:1:11101:12702:6023 1:N:0:AAGAGGCA+ATTAGACG
dpy-10	phen_dpy-10_sg1sg2_16	731	740	10	D	NB501326:179:HYM7VAFXX:1:11101:2004:5645 1:N:0:AAGAGGCA+ATTAGACG
dpy-10	phen_dpy-10_sg1sg2_16	731	740	10	D	NB501326:179:HYM7VAFXX:1:11101:8303:4162 1:N:0:AAGAGGCA+ATTAGACG
dpy-10	phen_dpy-10_sg1sg2_16	734	735	2	I	NB501326:179:HYM7VAFXX:1:11101:14163:4233 1:N:0:AAGAGGCA+ATTAGACG
dpy-10	phen_dpy-10_sg1sg2_16	731	740	10	D	NB501326:179:HYM7VAFXX:1:11101:6160:1130 1:N:0:AAGAGGCA+ATTAGACG
dpy-10	phen_dpy-10_sg1sg2_16	731	740	10	D	NB501326:179:HYM7VAFXX:1:11101:18145:2877 1:N:0:AAGAGGCA+ATTAGACG
dpy-10	phen_dpy-10_sg1sg2_16	731	740	10	D	NB501326:179:HYM7VAFXX:1:11101:4792:6126 1:N:0:AAGAGGCA+ATTAGACG
dpy-10	phen_dpy-10_sg1sg2_16	731	740	10	D	NB501326:179:HYM7VAFXX:1:11101:3368:2169 1:N:0:AAGAGGCA+ATTAGACG
dpy-10	phen_dpy-10_sg1sg2_16	731	740	10	D	NB501326:179:HYM7VAFXX:1:11101:3242:3088 1:N:0:AAGAGGCA+ATTAGACG
dpy-10	phen_dpy-10_sg1sg2_16	731	740	10	D	NB501326:179:HYM7VAFXX:1:11101:7855:3205 1:N:0:AAGAGGCA+ATTAGCCG
dpy-10	phen_dpy-10_sg1sg2_16	731	740	10	D	NB501326:179:HYM7VAFXX:1:11101:7766:2610 1:N:0:AAGAGGCA+ATTAGACG
dpy-10	phen_dpy-10_sg1sg2_16	731	740	10	D	NB501326:179:HYM7VAFXX:1:11101:5086:2061 1:N:0:AAGAGGCA+ATTAGACG
dpy-10	phen_dpy-10_sg1sg2_16	731	740	10	D	NB501326:179:HYM7VAFXX:1:11101:22322:2200 1:N:0:AAGAGGCA+ATTAGACG
dpy-10	phen_dpy-10_sg1sg2_16	731	740	10	D	NB501326:179:HYM7VAFXX:1:11101:14919:5286 1:N:0:AAGAGGCA+ATTAGACG
dpy-10	phen_dpy-10_sg1sg2_16	731	740	10	D	NB501326:179:HYM7VAFXX:1:11101:3121:5285 1:N:0:AAGAGGCA+ATTAGACG
dpy-10	phen_dpy-10_sg1sg2_16	731	740	10	D	NB501326:179:HYM7VAFXX:1:11101:6183:2260 1:N:0:AAGAGGCA+ATTAGACG
dpy-10	phen_dpy-10_sg1sg2_16	731	740	10	D	NB501326:179:HYM7VAFXX:1:11101:2033:4308 1:N:0:AAGAGGCA+ATTAGACG
dpy-10	phen_dpy-10_sg1sg2_16	731	740	10	D	NB501326:179:HYM7VAFXX:1:11101:5899:4734 1:N:0:AAGAGGCA+ATTAGACG
dpy-10	phen_dpy-10_sg1sg2_16	731	740	10	D	NB501326:179:HYM7VAFXX:1:11101:7962:1391 1:N:0:AAGAGGCA+ATTAGACG
dpy-10	phen_dpy-10_sg1sg2_16	731	740	10	D	NB501326:179:HYM7VAFXX:1:11101:23351:3644 1:N:0:AAGAGGCA+ATTAGACG
dpy-10	phen_dpy-10_sg1sg2_16	731	740	10	D	NB501326:179:HYM7VAFXX:1:11101:23369:5103 1:N:0:AAGAGGCA+ATTAGACG
dpy-10	phen_dpy-10_sg1sg2_16	730	739	10	D	NB501326:179:HYM7VAFXX:1:11101:20503:5556 1:N:0:AAGAGGCA+ATTAGACG
dpy-10	phen_dpy-10_sg1sg2_16	731	740	10	D	NB501326:179:HYM7VAFXX:1:11101:12128:2567 1:N:0:AAGAGGCA+ATTAGACG
dpy-10	phen_dpy-10_sg1sg2_16	731	740	10	D	NB501326:179:HYM7VAFXX:1:11101:7393:3746 1:N:0:AAGAGGCA+ATTAGACG
dpy-10	phen_dpy-10_sg1sg2_16	751	753	3	D	NB501326:179:HYM7VAFXX:1:11101:7393:3746 1:N:0:AAGAGGCA+ATTAGACG
dpy-10	phen_dpy-10_sg1sg2_16	731	740	10	D	NB501326:179:HYM7VAFXX:1:11101:12741:4431 1:N:0:AAGAGGCA+ATTAGACG
dpy-10	phen_dpy-10_sg1sg2_16	731	740	10	D	NB501326:179:HYM7VAFXX:1:11101:18788:3563 1:N:0:AAGAGGCA+ATTAGACG
dpy-10	phen_dpy-10_sg1sg2_16	731	740	10	D	NB501326:179:HYM7VAFXX:1:11101:7875:2867 1:N:0:AAGAGGCA+ATTAGACG
dpy-10	phen_dpy-10_sg1sg2_16	731	740	10	D	NB501326:179:HYM7VAFXX:1:11101:11827:6176 1:N:0:AAGAGGCA+ATTAGACG
dpy-10	phen_dpy-10_sg1sg2_16	731	740	10	D	NB501326:179:HYM7VAFXX:1:11101:17127:1751 1:N:0:AAGAGGCA+ATTAGACG
dpy-10	phen_dpy-10_sg1sg2_16	751	756	6	D	NB501326:179:HYM7VAFXX:1:11101:2573:2976 1:N:0:AAGAGGCA+ATTAGACG
dpy-10	phen_dpy-10_sg1sg2_16	764	764	1	D	NB501326:179:HYM7VAFXX:1:11101:9109:5384 1:N:0:AAGAGGCA+ATTAGACG
dpy-10	phen_dpy-10_sg1sg2_16	751	752	2	I	NB501326:179:HYM7VAFXX:1:11101:20503:1559 1:N:0:AAGAGGCA+ATTAGACG
dpy-10	phen_dpy-10_sg1sg2_16	883	883	1	D	NB501326:179:HYM7VAFXX:1:11101:14540:1686 1:N:0:AAGAGGCA+ATTAGACG
dpy-10	phen_dpy-10_sg1sg2_16	943	944	2	D	NB501326:179:HYM7VAFXX:1:11101:9194:3721 1:N:0:AAGAGGCA+ATTAGACG
dpy-10	phen_dpy-10_sg1sg2_16	883	883	1	D	NB501326:179:HYM7VAFXX:1:11101:19493:2686 1:N:0:AAGAGGCA+ATTAGACG
dpy-10	phen_dpy-10_sg1sg2_16	943	944	2	D	NB501326:179:HYM7VAFXX:1:11101:10615:3781 1:N:0:AAGAGGCA+ATTAGACG
dpy-10	phen_dpy-10_sg1sg2_16	943	944	2	D	NB501326:179:HYM7VAFXX:1:11101:15095:6032 1:N:0:AAGAGGCA+ATTAGACG
dpy-10	phen_dpy-10_sg1sg2_16	943	944	2	I	NB501326:179:HYM7VAFXX:1:11101:13323:1397 1:N:0:AAGAGGCA+ATTAGCCG
dpy-10	phen_dpy-10_sg1sg2_16	943	944	2	D	NB501326:179:HYM7VAFXX:1:11101:20325:4124 1:N:0:AAGAGGCA+ATTAGACG
dpy-10	phen_dpy-10_sg1sg2_16	1231	1231	1	D	NB501326:179:HYM7VAFXX:1:11101:1139:4793 1:N:0:AAGAGGCA+ATTAGACG
