seqname	sample	bp	cov	del	ins	indel	delRatio	insRatio	indelRatio
dpy-10	phen_dpy-10_sg1sg2_16	1	0	0	0	0	0	0	0
dpy-10	phen_dpy-10_sg1sg2_16	2	0	0	0	0	0	0	0
dpy-10	phen_dpy-10_sg1sg2_16	3	0	0	0	0	0	0	0
dpy-10	phen_dpy-10_sg1sg2_16	4	0	0	0	0	0	0	0
dpy-10	phen_dpy-10_sg1sg2_16	5	0	0	0	0	0	0	0
dpy-10	phen_dpy-10_sg1sg2_16	6	0	0	0	0	0	0	0
dpy-10	phen_dpy-10_sg1sg2_16	7	0	0	0	0	0	0	0
dpy-10	phen_dpy-10_sg1sg2_16	8	0	0	0	0	0	0	0
dpy-10	phen_dpy-10_sg1sg2_16	9	0	0	0	0	0	0	0
dpy-10	phen_dpy-10_sg1sg2_16	10	4	0	0	0	0	0	0
dpy-10	phen_dpy-10_sg1sg2_16	11	6	0	0	0	0	0	0
dpy-10	phen_dpy-10_sg1sg2_16	12	8	0	0	0	0	0	0
dpy-10	phen_dpy-10_sg1sg2_16	13	8	0	0	0	0	0	0
dpy-10	phen_dpy-10_sg1sg2_16	14	9	0	0	0	0	0	0
dpy-10	phen_dpy-10_sg1sg2_16	15	12	0	0	0	0	0	0
dpy-10	phen_dpy-10_sg1sg2_16	16	13	0	0	0	0	0	0
dpy-10	phen_dpy-10_sg1sg2_16	17	17	0	0	0	0	0	0
dpy-10	phen_dpy-10_sg1sg2_16	18	18	0	0	0	0	0	0
dpy-10	phen_dpy-10_sg1sg2_16	19	20	0	0	0	0	0	0
dpy-10	phen_dpy-10_sg1sg2_16	20	26	0	0	0	0	0	0
dpy-10	phen_dpy-10_sg1sg2_16	21	26	0	0	0	0	0	0
dpy-10	phen_dpy-10_sg1sg2_16	22	29	0	0	0	0	0	0
dpy-10	phen_dpy-10_sg1sg2_16	23	29	0	0	0	0	0	0
dpy-10	phen_dpy-10_sg1sg2_16	24	34	0	0	0	0	0	0
dpy-10	phen_dpy-10_sg1sg2_16	25	37	0	0	0	0	0	0
dpy-10	phen_dpy-10_sg1sg2_16	26	37	0	0	0	0	0	0
dpy-10	phen_dpy-10_sg1sg2_16	27	44	0	0	0	0	0	0
dpy-10	phen_dpy-10_sg1sg2_16	28	49	0	0	0	0	0	0
dpy-10	phen_dpy-10_sg1sg2_16	29	52	0	0	0	0	0	0
dpy-10	phen_dpy-10_sg1sg2_16	30	52	0	0	0	0	0	0
dpy-10	phen_dpy-10_sg1sg2_16	31	52	0	0	0	0	0	0
dpy-10	phen_dpy-10_sg1sg2_16	32	52	0	0	0	0	0	0
dpy-10	phen_dpy-10_sg1sg2_16	33	53	0	0	0	0	0	0
dpy-10	phen_dpy-10_sg1sg2_16	34	54	0	0	0	0	0	0
dpy-10	phen_dpy-10_sg1sg2_16	35	54	0	0	0	0	0	0
dpy-10	phen_dpy-10_sg1sg2_16	36	55	0	0	0	0	0	0
dpy-10	phen_dpy-10_sg1sg2_16	37	57	0	0	0	0	0	0
dpy-10	phen_dpy-10_sg1sg2_16	38	59	0	0	0	0	0	0
dpy-10	phen_dpy-10_sg1sg2_16	39	59	0	0	0	0	0	0
dpy-10	phen_dpy-10_sg1sg2_16	40	59	0	0	0	0	0	0
dpy-10	phen_dpy-10_sg1sg2_16	41	60	0	0	0	0	0	0
dpy-10	phen_dpy-10_sg1sg2_16	42	64	0	0	0	0	0	0
dpy-10	phen_dpy-10_sg1sg2_16	43	64	0	0	0	0	0	0
dpy-10	phen_dpy-10_sg1sg2_16	44	64	0	0	0	0	0	0
dpy-10	phen_dpy-10_sg1sg2_16	45	65	0	0	0	0	0	0
dpy-10	phen_dpy-10_sg1sg2_16	46	72	0	0	0	0	0	0
dpy-10	phen_dpy-10_sg1sg2_16	47	73	0	0	0	0	0	0
dpy-10	phen_dpy-10_sg1sg2_16	48	73	0	0	0	0	0	0
dpy-10	phen_dpy-10_sg1sg2_16	49	73	0	0	0	0	0	0
dpy-10	phen_dpy-10_sg1sg2_16	50	73	0	0	0	0	0	0
dpy-10	phen_dpy-10_sg1sg2_16	51	74	0	0	0	0	0	0
dpy-10	phen_dpy-10_sg1sg2_16	52	84	0	0	0	0	0	0
dpy-10	phen_dpy-10_sg1sg2_16	53	90	0	0	0	0	0	0
dpy-10	phen_dpy-10_sg1sg2_16	54	91	0	0	0	0	0	0
dpy-10	phen_dpy-10_sg1sg2_16	55	91	0	0	0	0	0	0
dpy-10	phen_dpy-10_sg1sg2_16	56	95	0	0	0	0	0	0
dpy-10	phen_dpy-10_sg1sg2_16	57	98	0	0	0	0	0	0
dpy-10	phen_dpy-10_sg1sg2_16	58	104	0	0	0	0	0	0
dpy-10	phen_dpy-10_sg1sg2_16	59	105	0	0	0	0	0	0
dpy-10	phen_dpy-10_sg1sg2_16	60	107	0	0	0	0	0	0
dpy-10	phen_dpy-10_sg1sg2_16	61	112	0	0	0	0	0	0
dpy-10	phen_dpy-10_sg1sg2_16	62	117	0	0	0	0	0	0
dpy-10	phen_dpy-10_sg1sg2_16	63	117	0	1	1	0	0.00854700854700855	0.00854700854700855
dpy-10	phen_dpy-10_sg1sg2_16	64	118	0	1	1	0	0.00847457627118644	0.00847457627118644
dpy-10	phen_dpy-10_sg1sg2_16	65	118	0	0	0	0	0	0
dpy-10	phen_dpy-10_sg1sg2_16	66	119	0	0	0	0	0	0
dpy-10	phen_dpy-10_sg1sg2_16	67	119	0	0	0	0	0	0
dpy-10	phen_dpy-10_sg1sg2_16	68	122	0	0	0	0	0	0
dpy-10	phen_dpy-10_sg1sg2_16	69	135	0	0	0	0	0	0
dpy-10	phen_dpy-10_sg1sg2_16	70	141	0	0	0	0	0	0
dpy-10	phen_dpy-10_sg1sg2_16	71	141	0	0	0	0	0	0
dpy-10	phen_dpy-10_sg1sg2_16	72	144	0	0	0	0	0	0
dpy-10	phen_dpy-10_sg1sg2_16	73	144	0	0	0	0	0	0
dpy-10	phen_dpy-10_sg1sg2_16	74	147	0	0	0	0	0	0
dpy-10	phen_dpy-10_sg1sg2_16	75	150	0	0	0	0	0	0
dpy-10	phen_dpy-10_sg1sg2_16	76	153	0	0	0	0	0	0
dpy-10	phen_dpy-10_sg1sg2_16	77	155	0	0	0	0	0	0
dpy-10	phen_dpy-10_sg1sg2_16	78	156	0	0	0	0	0	0
dpy-10	phen_dpy-10_sg1sg2_16	79	159	0	0	0	0	0	0
dpy-10	phen_dpy-10_sg1sg2_16	80	160	0	0	0	0	0	0
dpy-10	phen_dpy-10_sg1sg2_16	81	161	0	0	0	0	0	0
dpy-10	phen_dpy-10_sg1sg2_16	82	167	0	0	0	0	0	0
dpy-10	phen_dpy-10_sg1sg2_16	83	167	0	0	0	0	0	0
dpy-10	phen_dpy-10_sg1sg2_16	84	172	0	0	0	0	0	0
dpy-10	phen_dpy-10_sg1sg2_16	85	172	0	0	0	0	0	0
dpy-10	phen_dpy-10_sg1sg2_16	86	175	0	0	0	0	0	0
dpy-10	phen_dpy-10_sg1sg2_16	87	184	0	0	0	0	0	0
dpy-10	phen_dpy-10_sg1sg2_16	88	184	0	0	0	0	0	0
dpy-10	phen_dpy-10_sg1sg2_16	89	184	0	0	0	0	0	0
dpy-10	phen_dpy-10_sg1sg2_16	90	186	0	0	0	0	0	0
dpy-10	phen_dpy-10_sg1sg2_16	91	186	0	0	0	0	0	0
dpy-10	phen_dpy-10_sg1sg2_16	92	189	0	0	0	0	0	0
dpy-10	phen_dpy-10_sg1sg2_16	93	191	0	0	0	0	0	0
dpy-10	phen_dpy-10_sg1sg2_16	94	192	0	0	0	0	0	0
dpy-10	phen_dpy-10_sg1sg2_16	95	192	0	0	0	0	0	0
dpy-10	phen_dpy-10_sg1sg2_16	96	193	0	0	0	0	0	0
dpy-10	phen_dpy-10_sg1sg2_16	97	192	0	0	0	0	0	0
dpy-10	phen_dpy-10_sg1sg2_16	98	191	0	0	0	0	0	0
dpy-10	phen_dpy-10_sg1sg2_16	99	191	0	0	0	0	0	0
dpy-10	phen_dpy-10_sg1sg2_16	100	189	0	0	0	0	0	0
dpy-10	phen_dpy-10_sg1sg2_16	101	193	0	0	0	0	0	0
dpy-10	phen_dpy-10_sg1sg2_16	102	194	0	0	0	0	0	0
dpy-10	phen_dpy-10_sg1sg2_16	103	195	0	0	0	0	0	0
dpy-10	phen_dpy-10_sg1sg2_16	104	195	0	0	0	0	0	0
dpy-10	phen_dpy-10_sg1sg2_16	105	196	0	0	0	0	0	0
dpy-10	phen_dpy-10_sg1sg2_16	106	196	0	0	0	0	0	0
dpy-10	phen_dpy-10_sg1sg2_16	107	197	0	0	0	0	0	0
dpy-10	phen_dpy-10_sg1sg2_16	108	198	0	0	0	0	0	0
dpy-10	phen_dpy-10_sg1sg2_16	109	199	0	0	0	0	0	0
dpy-10	phen_dpy-10_sg1sg2_16	110	201	0	0	0	0	0	0
dpy-10	phen_dpy-10_sg1sg2_16	111	210	0	0	0	0	0	0
dpy-10	phen_dpy-10_sg1sg2_16	112	210	0	0	0	0	0	0
dpy-10	phen_dpy-10_sg1sg2_16	113	216	0	0	0	0	0	0
dpy-10	phen_dpy-10_sg1sg2_16	114	233	0	0	0	0	0	0
dpy-10	phen_dpy-10_sg1sg2_16	115	234	0	0	0	0	0	0
dpy-10	phen_dpy-10_sg1sg2_16	116	252	0	0	0	0	0	0
dpy-10	phen_dpy-10_sg1sg2_16	117	252	0	0	0	0	0	0
dpy-10	phen_dpy-10_sg1sg2_16	118	253	0	0	0	0	0	0
dpy-10	phen_dpy-10_sg1sg2_16	119	255	0	0	0	0	0	0
dpy-10	phen_dpy-10_sg1sg2_16	120	253	0	0	0	0	0	0
dpy-10	phen_dpy-10_sg1sg2_16	121	269	0	0	0	0	0	0
dpy-10	phen_dpy-10_sg1sg2_16	122	269	0	0	0	0	0	0
dpy-10	phen_dpy-10_sg1sg2_16	123	269	0	0	0	0	0	0
dpy-10	phen_dpy-10_sg1sg2_16	124	276	0	0	0	0	0	0
dpy-10	phen_dpy-10_sg1sg2_16	125	276	0	0	0	0	0	0
dpy-10	phen_dpy-10_sg1sg2_16	126	276	0	0	0	0	0	0
dpy-10	phen_dpy-10_sg1sg2_16	127	284	0	0	0	0	0	0
dpy-10	phen_dpy-10_sg1sg2_16	128	288	0	0	0	0	0	0
dpy-10	phen_dpy-10_sg1sg2_16	129	293	0	0	0	0	0	0
dpy-10	phen_dpy-10_sg1sg2_16	130	291	0	0	0	0	0	0
dpy-10	phen_dpy-10_sg1sg2_16	131	290	0	0	0	0	0	0
dpy-10	phen_dpy-10_sg1sg2_16	132	291	0	0	0	0	0	0
dpy-10	phen_dpy-10_sg1sg2_16	133	293	0	0	0	0	0	0
dpy-10	phen_dpy-10_sg1sg2_16	134	294	0	0	0	0	0	0
dpy-10	phen_dpy-10_sg1sg2_16	135	294	0	0	0	0	0	0
dpy-10	phen_dpy-10_sg1sg2_16	136	302	0	0	0	0	0	0
dpy-10	phen_dpy-10_sg1sg2_16	137	302	0	0	0	0	0	0
dpy-10	phen_dpy-10_sg1sg2_16	138	311	0	1	1	0	0.00321543408360129	0.00321543408360129
dpy-10	phen_dpy-10_sg1sg2_16	139	311	0	1	1	0	0.00321543408360129	0.00321543408360129
dpy-10	phen_dpy-10_sg1sg2_16	140	312	0	0	0	0	0	0
dpy-10	phen_dpy-10_sg1sg2_16	141	320	0	0	0	0	0	0
dpy-10	phen_dpy-10_sg1sg2_16	142	322	0	0	0	0	0	0
dpy-10	phen_dpy-10_sg1sg2_16	143	319	0	0	0	0	0	0
dpy-10	phen_dpy-10_sg1sg2_16	144	323	0	0	0	0	0	0
dpy-10	phen_dpy-10_sg1sg2_16	145	322	0	0	0	0	0	0
dpy-10	phen_dpy-10_sg1sg2_16	146	326	0	0	0	0	0	0
dpy-10	phen_dpy-10_sg1sg2_16	147	325	0	0	0	0	0	0
dpy-10	phen_dpy-10_sg1sg2_16	148	325	0	0	0	0	0	0
dpy-10	phen_dpy-10_sg1sg2_16	149	324	0	0	0	0	0	0
dpy-10	phen_dpy-10_sg1sg2_16	150	323	0	0	0	0	0	0
dpy-10	phen_dpy-10_sg1sg2_16	151	323	0	0	0	0	0	0
dpy-10	phen_dpy-10_sg1sg2_16	152	321	0	0	0	0	0	0
dpy-10	phen_dpy-10_sg1sg2_16	153	320	0	0	0	0	0	0
dpy-10	phen_dpy-10_sg1sg2_16	154	319	0	0	0	0	0	0
dpy-10	phen_dpy-10_sg1sg2_16	155	320	0	0	0	0	0	0
dpy-10	phen_dpy-10_sg1sg2_16	156	323	0	0	0	0	0	0
dpy-10	phen_dpy-10_sg1sg2_16	157	339	0	0	0	0	0	0
dpy-10	phen_dpy-10_sg1sg2_16	158	340	0	0	0	0	0	0
dpy-10	phen_dpy-10_sg1sg2_16	159	345	0	0	0	0	0	0
dpy-10	phen_dpy-10_sg1sg2_16	160	340	0	0	0	0	0	0
dpy-10	phen_dpy-10_sg1sg2_16	161	340	0	0	0	0	0	0
dpy-10	phen_dpy-10_sg1sg2_16	162	337	0	0	0	0	0	0
dpy-10	phen_dpy-10_sg1sg2_16	163	338	0	0	0	0	0	0
dpy-10	phen_dpy-10_sg1sg2_16	164	335	0	0	0	0	0	0
dpy-10	phen_dpy-10_sg1sg2_16	165	334	0	0	0	0	0	0
dpy-10	phen_dpy-10_sg1sg2_16	166	330	0	0	0	0	0	0
dpy-10	phen_dpy-10_sg1sg2_16	167	327	0	0	0	0	0	0
dpy-10	phen_dpy-10_sg1sg2_16	168	326	0	0	0	0	0	0
dpy-10	phen_dpy-10_sg1sg2_16	169	332	0	0	0	0	0	0
dpy-10	phen_dpy-10_sg1sg2_16	170	336	0	0	0	0	0	0
dpy-10	phen_dpy-10_sg1sg2_16	171	333	0	0	0	0	0	0
dpy-10	phen_dpy-10_sg1sg2_16	172	335	0	0	0	0	0	0
dpy-10	phen_dpy-10_sg1sg2_16	173	344	0	0	0	0	0	0
dpy-10	phen_dpy-10_sg1sg2_16	174	345	0	0	0	0	0	0
dpy-10	phen_dpy-10_sg1sg2_16	175	343	0	0	0	0	0	0
dpy-10	phen_dpy-10_sg1sg2_16	176	343	0	0	0	0	0	0
dpy-10	phen_dpy-10_sg1sg2_16	177	341	0	0	0	0	0	0
dpy-10	phen_dpy-10_sg1sg2_16	178	341	0	0	0	0	0	0
dpy-10	phen_dpy-10_sg1sg2_16	179	341	0	0	0	0	0	0
dpy-10	phen_dpy-10_sg1sg2_16	180	341	1	0	1	0.00293255131964809	0	0.00293255131964809
dpy-10	phen_dpy-10_sg1sg2_16	181	345	1	0	1	0.00289855072463768	0	0.00289855072463768
dpy-10	phen_dpy-10_sg1sg2_16	182	349	1	0	1	0.00286532951289398	0	0.00286532951289398
dpy-10	phen_dpy-10_sg1sg2_16	183	351	1	0	1	0.00284900284900285	0	0.00284900284900285
dpy-10	phen_dpy-10_sg1sg2_16	184	355	1	0	1	0.0028169014084507	0	0.0028169014084507
dpy-10	phen_dpy-10_sg1sg2_16	185	356	1	0	1	0.00280898876404494	0	0.00280898876404494
dpy-10	phen_dpy-10_sg1sg2_16	186	368	1	0	1	0.00271739130434783	0	0.00271739130434783
dpy-10	phen_dpy-10_sg1sg2_16	187	368	1	0	1	0.00271739130434783	0	0.00271739130434783
dpy-10	phen_dpy-10_sg1sg2_16	188	367	1	0	1	0.00272479564032698	0	0.00272479564032698
dpy-10	phen_dpy-10_sg1sg2_16	189	368	1	0	1	0.00271739130434783	0	0.00271739130434783
dpy-10	phen_dpy-10_sg1sg2_16	190	366	1	0	1	0.00273224043715847	0	0.00273224043715847
dpy-10	phen_dpy-10_sg1sg2_16	191	367	1	0	1	0.00272479564032698	0	0.00272479564032698
dpy-10	phen_dpy-10_sg1sg2_16	192	367	1	0	1	0.00272479564032698	0	0.00272479564032698
dpy-10	phen_dpy-10_sg1sg2_16	193	377	1	0	1	0.0026525198938992	0	0.0026525198938992
dpy-10	phen_dpy-10_sg1sg2_16	194	379	1	0	1	0.00263852242744063	0	0.00263852242744063
dpy-10	phen_dpy-10_sg1sg2_16	195	379	1	0	1	0.00263852242744063	0	0.00263852242744063
dpy-10	phen_dpy-10_sg1sg2_16	196	378	1	0	1	0.00264550264550265	0	0.00264550264550265
dpy-10	phen_dpy-10_sg1sg2_16	197	377	1	0	1	0.0026525198938992	0	0.0026525198938992
dpy-10	phen_dpy-10_sg1sg2_16	198	377	0	0	0	0	0	0
dpy-10	phen_dpy-10_sg1sg2_16	199	383	0	0	0	0	0	0
dpy-10	phen_dpy-10_sg1sg2_16	200	384	0	0	0	0	0	0
dpy-10	phen_dpy-10_sg1sg2_16	201	384	0	0	0	0	0	0
dpy-10	phen_dpy-10_sg1sg2_16	202	389	0	0	0	0	0	0
dpy-10	phen_dpy-10_sg1sg2_16	203	388	0	0	0	0	0	0
dpy-10	phen_dpy-10_sg1sg2_16	204	397	0	0	0	0	0	0
dpy-10	phen_dpy-10_sg1sg2_16	205	397	0	0	0	0	0	0
dpy-10	phen_dpy-10_sg1sg2_16	206	395	0	0	0	0	0	0
dpy-10	phen_dpy-10_sg1sg2_16	207	395	0	0	0	0	0	0
dpy-10	phen_dpy-10_sg1sg2_16	208	396	0	0	0	0	0	0
dpy-10	phen_dpy-10_sg1sg2_16	209	395	0	0	0	0	0	0
dpy-10	phen_dpy-10_sg1sg2_16	210	394	0	0	0	0	0	0
dpy-10	phen_dpy-10_sg1sg2_16	211	394	0	0	0	0	0	0
dpy-10	phen_dpy-10_sg1sg2_16	212	397	0	0	0	0	0	0
dpy-10	phen_dpy-10_sg1sg2_16	213	402	0	0	0	0	0	0
dpy-10	phen_dpy-10_sg1sg2_16	214	404	0	0	0	0	0	0
dpy-10	phen_dpy-10_sg1sg2_16	215	403	0	0	0	0	0	0
dpy-10	phen_dpy-10_sg1sg2_16	216	398	0	0	0	0	0	0
dpy-10	phen_dpy-10_sg1sg2_16	217	397	0	0	0	0	0	0
dpy-10	phen_dpy-10_sg1sg2_16	218	392	0	0	0	0	0	0
dpy-10	phen_dpy-10_sg1sg2_16	219	389	0	0	0	0	0	0
dpy-10	phen_dpy-10_sg1sg2_16	220	392	0	0	0	0	0	0
dpy-10	phen_dpy-10_sg1sg2_16	221	390	0	0	0	0	0	0
dpy-10	phen_dpy-10_sg1sg2_16	222	398	0	0	0	0	0	0
dpy-10	phen_dpy-10_sg1sg2_16	223	398	0	0	0	0	0	0
dpy-10	phen_dpy-10_sg1sg2_16	224	398	0	0	0	0	0	0
dpy-10	phen_dpy-10_sg1sg2_16	225	400	0	0	0	0	0	0
dpy-10	phen_dpy-10_sg1sg2_16	226	407	0	0	0	0	0	0
dpy-10	phen_dpy-10_sg1sg2_16	227	405	0	0	0	0	0	0
dpy-10	phen_dpy-10_sg1sg2_16	228	404	0	0	0	0	0	0
dpy-10	phen_dpy-10_sg1sg2_16	229	403	0	0	0	0	0	0
dpy-10	phen_dpy-10_sg1sg2_16	230	404	0	0	0	0	0	0
dpy-10	phen_dpy-10_sg1sg2_16	231	405	0	0	0	0	0	0
dpy-10	phen_dpy-10_sg1sg2_16	232	399	0	0	0	0	0	0
dpy-10	phen_dpy-10_sg1sg2_16	233	401	0	0	0	0	0	0
dpy-10	phen_dpy-10_sg1sg2_16	234	406	0	0	0	0	0	0
dpy-10	phen_dpy-10_sg1sg2_16	235	409	0	0	0	0	0	0
dpy-10	phen_dpy-10_sg1sg2_16	236	408	0	0	0	0	0	0
dpy-10	phen_dpy-10_sg1sg2_16	237	407	1	0	1	0.00245700245700246	0	0.00245700245700246
dpy-10	phen_dpy-10_sg1sg2_16	238	402	0	0	0	0	0	0
dpy-10	phen_dpy-10_sg1sg2_16	239	405	0	0	0	0	0	0
dpy-10	phen_dpy-10_sg1sg2_16	240	405	0	0	0	0	0	0
dpy-10	phen_dpy-10_sg1sg2_16	241	405	0	0	0	0	0	0
dpy-10	phen_dpy-10_sg1sg2_16	242	402	0	0	0	0	0	0
dpy-10	phen_dpy-10_sg1sg2_16	243	408	0	0	0	0	0	0
dpy-10	phen_dpy-10_sg1sg2_16	244	409	0	0	0	0	0	0
dpy-10	phen_dpy-10_sg1sg2_16	245	409	0	0	0	0	0	0
dpy-10	phen_dpy-10_sg1sg2_16	246	408	0	0	0	0	0	0
dpy-10	phen_dpy-10_sg1sg2_16	247	413	0	0	0	0	0	0
dpy-10	phen_dpy-10_sg1sg2_16	248	412	0	0	0	0	0	0
dpy-10	phen_dpy-10_sg1sg2_16	249	414	0	0	0	0	0	0
dpy-10	phen_dpy-10_sg1sg2_16	250	414	0	0	0	0	0	0
dpy-10	phen_dpy-10_sg1sg2_16	251	412	0	0	0	0	0	0
dpy-10	phen_dpy-10_sg1sg2_16	252	409	0	0	0	0	0	0
dpy-10	phen_dpy-10_sg1sg2_16	253	414	0	0	0	0	0	0
dpy-10	phen_dpy-10_sg1sg2_16	254	410	0	0	0	0	0	0
dpy-10	phen_dpy-10_sg1sg2_16	255	410	0	0	0	0	0	0
dpy-10	phen_dpy-10_sg1sg2_16	256	406	0	0	0	0	0	0
dpy-10	phen_dpy-10_sg1sg2_16	257	411	0	0	0	0	0	0
dpy-10	phen_dpy-10_sg1sg2_16	258	415	0	0	0	0	0	0
dpy-10	phen_dpy-10_sg1sg2_16	259	421	0	0	0	0	0	0
dpy-10	phen_dpy-10_sg1sg2_16	260	426	0	0	0	0	0	0
dpy-10	phen_dpy-10_sg1sg2_16	261	421	0	0	0	0	0	0
dpy-10	phen_dpy-10_sg1sg2_16	262	420	0	0	0	0	0	0
dpy-10	phen_dpy-10_sg1sg2_16	263	420	0	0	0	0	0	0
dpy-10	phen_dpy-10_sg1sg2_16	264	424	0	0	0	0	0	0
dpy-10	phen_dpy-10_sg1sg2_16	265	417	0	0	0	0	0	0
dpy-10	phen_dpy-10_sg1sg2_16	266	406	0	0	0	0	0	0
dpy-10	phen_dpy-10_sg1sg2_16	267	409	0	0	0	0	0	0
dpy-10	phen_dpy-10_sg1sg2_16	268	408	0	0	0	0	0	0
dpy-10	phen_dpy-10_sg1sg2_16	269	412	0	0	0	0	0	0
dpy-10	phen_dpy-10_sg1sg2_16	270	410	0	0	0	0	0	0
dpy-10	phen_dpy-10_sg1sg2_16	271	410	0	0	0	0	0	0
dpy-10	phen_dpy-10_sg1sg2_16	272	409	0	0	0	0	0	0
dpy-10	phen_dpy-10_sg1sg2_16	273	410	0	0	0	0	0	0
dpy-10	phen_dpy-10_sg1sg2_16	274	403	0	0	0	0	0	0
dpy-10	phen_dpy-10_sg1sg2_16	275	404	0	0	0	0	0	0
dpy-10	phen_dpy-10_sg1sg2_16	276	401	0	0	0	0	0	0
dpy-10	phen_dpy-10_sg1sg2_16	277	399	0	0	0	0	0	0
dpy-10	phen_dpy-10_sg1sg2_16	278	398	0	0	0	0	0	0
dpy-10	phen_dpy-10_sg1sg2_16	279	397	0	0	0	0	0	0
dpy-10	phen_dpy-10_sg1sg2_16	280	401	0	0	0	0	0	0
dpy-10	phen_dpy-10_sg1sg2_16	281	400	0	0	0	0	0	0
dpy-10	phen_dpy-10_sg1sg2_16	282	395	0	0	0	0	0	0
dpy-10	phen_dpy-10_sg1sg2_16	283	398	0	0	0	0	0	0
dpy-10	phen_dpy-10_sg1sg2_16	284	400	0	0	0	0	0	0
dpy-10	phen_dpy-10_sg1sg2_16	285	401	0	0	0	0	0	0
dpy-10	phen_dpy-10_sg1sg2_16	286	395	0	0	0	0	0	0
dpy-10	phen_dpy-10_sg1sg2_16	287	396	0	0	0	0	0	0
dpy-10	phen_dpy-10_sg1sg2_16	288	391	0	0	0	0	0	0
dpy-10	phen_dpy-10_sg1sg2_16	289	390	0	0	0	0	0	0
dpy-10	phen_dpy-10_sg1sg2_16	290	393	0	0	0	0	0	0
dpy-10	phen_dpy-10_sg1sg2_16	291	391	0	0	0	0	0	0
dpy-10	phen_dpy-10_sg1sg2_16	292	393	0	0	0	0	0	0
dpy-10	phen_dpy-10_sg1sg2_16	293	390	0	0	0	0	0	0
dpy-10	phen_dpy-10_sg1sg2_16	294	389	0	0	0	0	0	0
dpy-10	phen_dpy-10_sg1sg2_16	295	382	0	0	0	0	0	0
dpy-10	phen_dpy-10_sg1sg2_16	296	384	0	0	0	0	0	0
dpy-10	phen_dpy-10_sg1sg2_16	297	392	0	0	0	0	0	0
dpy-10	phen_dpy-10_sg1sg2_16	298	393	0	0	0	0	0	0
dpy-10	phen_dpy-10_sg1sg2_16	299	393	0	0	0	0	0	0
dpy-10	phen_dpy-10_sg1sg2_16	300	395	0	0	0	0	0	0
dpy-10	phen_dpy-10_sg1sg2_16	301	397	0	0	0	0	0	0
dpy-10	phen_dpy-10_sg1sg2_16	302	401	0	0	0	0	0	0
dpy-10	phen_dpy-10_sg1sg2_16	303	400	0	0	0	0	0	0
dpy-10	phen_dpy-10_sg1sg2_16	304	409	0	0	0	0	0	0
dpy-10	phen_dpy-10_sg1sg2_16	305	415	0	0	0	0	0	0
dpy-10	phen_dpy-10_sg1sg2_16	306	415	0	0	0	0	0	0
dpy-10	phen_dpy-10_sg1sg2_16	307	417	0	0	0	0	0	0
dpy-10	phen_dpy-10_sg1sg2_16	308	407	0	0	0	0	0	0
dpy-10	phen_dpy-10_sg1sg2_16	309	407	0	0	0	0	0	0
dpy-10	phen_dpy-10_sg1sg2_16	310	412	0	0	0	0	0	0
dpy-10	phen_dpy-10_sg1sg2_16	311	414	0	0	0	0	0	0
dpy-10	phen_dpy-10_sg1sg2_16	312	414	0	0	0	0	0	0
dpy-10	phen_dpy-10_sg1sg2_16	313	413	0	0	0	0	0	0
dpy-10	phen_dpy-10_sg1sg2_16	314	415	0	0	0	0	0	0
dpy-10	phen_dpy-10_sg1sg2_16	315	420	0	0	0	0	0	0
dpy-10	phen_dpy-10_sg1sg2_16	316	424	0	0	0	0	0	0
dpy-10	phen_dpy-10_sg1sg2_16	317	425	0	0	0	0	0	0
dpy-10	phen_dpy-10_sg1sg2_16	318	419	0	0	0	0	0	0
dpy-10	phen_dpy-10_sg1sg2_16	319	445	0	0	0	0	0	0
dpy-10	phen_dpy-10_sg1sg2_16	320	455	0	0	0	0	0	0
dpy-10	phen_dpy-10_sg1sg2_16	321	454	0	0	0	0	0	0
dpy-10	phen_dpy-10_sg1sg2_16	322	453	0	0	0	0	0	0
dpy-10	phen_dpy-10_sg1sg2_16	323	437	0	0	0	0	0	0
dpy-10	phen_dpy-10_sg1sg2_16	324	439	0	0	0	0	0	0
dpy-10	phen_dpy-10_sg1sg2_16	325	442	0	0	0	0	0	0
dpy-10	phen_dpy-10_sg1sg2_16	326	444	0	0	0	0	0	0
dpy-10	phen_dpy-10_sg1sg2_16	327	446	0	0	0	0	0	0
dpy-10	phen_dpy-10_sg1sg2_16	328	438	0	0	0	0	0	0
dpy-10	phen_dpy-10_sg1sg2_16	329	438	1	0	1	0.00228310502283105	0	0.00228310502283105
dpy-10	phen_dpy-10_sg1sg2_16	330	437	1	0	1	0.0022883295194508	0	0.0022883295194508
dpy-10	phen_dpy-10_sg1sg2_16	331	438	1	0	1	0.00228310502283105	0	0.00228310502283105
dpy-10	phen_dpy-10_sg1sg2_16	332	438	1	0	1	0.00228310502283105	0	0.00228310502283105
dpy-10	phen_dpy-10_sg1sg2_16	333	436	1	0	1	0.00229357798165138	0	0.00229357798165138
dpy-10	phen_dpy-10_sg1sg2_16	334	444	1	0	1	0.00225225225225225	0	0.00225225225225225
dpy-10	phen_dpy-10_sg1sg2_16	335	440	1	0	1	0.00227272727272727	0	0.00227272727272727
dpy-10	phen_dpy-10_sg1sg2_16	336	434	1	0	1	0.00230414746543779	0	0.00230414746543779
dpy-10	phen_dpy-10_sg1sg2_16	337	434	1	0	1	0.00230414746543779	0	0.00230414746543779
dpy-10	phen_dpy-10_sg1sg2_16	338	442	1	0	1	0.00226244343891403	0	0.00226244343891403
dpy-10	phen_dpy-10_sg1sg2_16	339	442	1	0	1	0.00226244343891403	0	0.00226244343891403
dpy-10	phen_dpy-10_sg1sg2_16	340	444	1	0	1	0.00225225225225225	0	0.00225225225225225
dpy-10	phen_dpy-10_sg1sg2_16	341	443	1	0	1	0.00225733634311512	0	0.00225733634311512
dpy-10	phen_dpy-10_sg1sg2_16	342	437	1	0	1	0.0022883295194508	0	0.0022883295194508
dpy-10	phen_dpy-10_sg1sg2_16	343	437	1	0	1	0.0022883295194508	0	0.0022883295194508
dpy-10	phen_dpy-10_sg1sg2_16	344	427	1	0	1	0.00234192037470726	0	0.00234192037470726
dpy-10	phen_dpy-10_sg1sg2_16	345	428	1	0	1	0.00233644859813084	0	0.00233644859813084
dpy-10	phen_dpy-10_sg1sg2_16	346	440	1	0	1	0.00227272727272727	0	0.00227272727272727
dpy-10	phen_dpy-10_sg1sg2_16	347	443	1	0	1	0.00225733634311512	0	0.00225733634311512
dpy-10	phen_dpy-10_sg1sg2_16	348	444	1	0	1	0.00225225225225225	0	0.00225225225225225
dpy-10	phen_dpy-10_sg1sg2_16	349	437	1	0	1	0.0022883295194508	0	0.0022883295194508
dpy-10	phen_dpy-10_sg1sg2_16	350	438	1	0	1	0.00228310502283105	0	0.00228310502283105
dpy-10	phen_dpy-10_sg1sg2_16	351	438	1	0	1	0.00228310502283105	0	0.00228310502283105
dpy-10	phen_dpy-10_sg1sg2_16	352	447	1	0	1	0.00223713646532438	0	0.00223713646532438
dpy-10	phen_dpy-10_sg1sg2_16	353	444	1	0	1	0.00225225225225225	0	0.00225225225225225
dpy-10	phen_dpy-10_sg1sg2_16	354	443	1	0	1	0.00225733634311512	0	0.00225733634311512
dpy-10	phen_dpy-10_sg1sg2_16	355	439	1	0	1	0.00227790432801822	0	0.00227790432801822
dpy-10	phen_dpy-10_sg1sg2_16	356	442	1	0	1	0.00226244343891403	0	0.00226244343891403
dpy-10	phen_dpy-10_sg1sg2_16	357	443	1	0	1	0.00225733634311512	0	0.00225733634311512
dpy-10	phen_dpy-10_sg1sg2_16	358	442	1	0	1	0.00226244343891403	0	0.00226244343891403
dpy-10	phen_dpy-10_sg1sg2_16	359	442	1	0	1	0.00226244343891403	0	0.00226244343891403
dpy-10	phen_dpy-10_sg1sg2_16	360	452	1	0	1	0.00221238938053097	0	0.00221238938053097
dpy-10	phen_dpy-10_sg1sg2_16	361	452	1	0	1	0.00221238938053097	0	0.00221238938053097
dpy-10	phen_dpy-10_sg1sg2_16	362	444	0	0	0	0	0	0
dpy-10	phen_dpy-10_sg1sg2_16	363	440	0	0	0	0	0	0
dpy-10	phen_dpy-10_sg1sg2_16	364	435	0	0	0	0	0	0
dpy-10	phen_dpy-10_sg1sg2_16	365	445	0	0	0	0	0	0
dpy-10	phen_dpy-10_sg1sg2_16	366	444	0	0	0	0	0	0
dpy-10	phen_dpy-10_sg1sg2_16	367	446	0	0	0	0	0	0
dpy-10	phen_dpy-10_sg1sg2_16	368	446	0	0	0	0	0	0
dpy-10	phen_dpy-10_sg1sg2_16	369	444	0	0	0	0	0	0
dpy-10	phen_dpy-10_sg1sg2_16	370	443	0	0	0	0	0	0
dpy-10	phen_dpy-10_sg1sg2_16	371	437	0	0	0	0	0	0
dpy-10	phen_dpy-10_sg1sg2_16	372	435	0	0	0	0	0	0
dpy-10	phen_dpy-10_sg1sg2_16	373	438	0	0	0	0	0	0
dpy-10	phen_dpy-10_sg1sg2_16	374	423	0	0	0	0	0	0
dpy-10	phen_dpy-10_sg1sg2_16	375	430	0	0	0	0	0	0
dpy-10	phen_dpy-10_sg1sg2_16	376	428	0	0	0	0	0	0
dpy-10	phen_dpy-10_sg1sg2_16	377	428	0	0	0	0	0	0
dpy-10	phen_dpy-10_sg1sg2_16	378	430	0	0	0	0	0	0
dpy-10	phen_dpy-10_sg1sg2_16	379	429	0	0	0	0	0	0
dpy-10	phen_dpy-10_sg1sg2_16	380	430	0	0	0	0	0	0
dpy-10	phen_dpy-10_sg1sg2_16	381	428	0	0	0	0	0	0
dpy-10	phen_dpy-10_sg1sg2_16	382	426	0	0	0	0	0	0
dpy-10	phen_dpy-10_sg1sg2_16	383	427	0	0	0	0	0	0
dpy-10	phen_dpy-10_sg1sg2_16	384	417	0	0	0	0	0	0
dpy-10	phen_dpy-10_sg1sg2_16	385	417	0	0	0	0	0	0
dpy-10	phen_dpy-10_sg1sg2_16	386	417	0	0	0	0	0	0
dpy-10	phen_dpy-10_sg1sg2_16	387	417	0	0	0	0	0	0
dpy-10	phen_dpy-10_sg1sg2_16	388	414	0	0	0	0	0	0
dpy-10	phen_dpy-10_sg1sg2_16	389	414	0	0	0	0	0	0
dpy-10	phen_dpy-10_sg1sg2_16	390	412	0	0	0	0	0	0
dpy-10	phen_dpy-10_sg1sg2_16	391	413	0	0	0	0	0	0
dpy-10	phen_dpy-10_sg1sg2_16	392	415	0	0	0	0	0	0
dpy-10	phen_dpy-10_sg1sg2_16	393	412	0	1	1	0	0.00242718446601942	0.00242718446601942
dpy-10	phen_dpy-10_sg1sg2_16	394	410	0	1	1	0	0.0024390243902439	0.0024390243902439
dpy-10	phen_dpy-10_sg1sg2_16	395	413	0	0	0	0	0	0
dpy-10	phen_dpy-10_sg1sg2_16	396	414	0	0	0	0	0	0
dpy-10	phen_dpy-10_sg1sg2_16	397	415	0	0	0	0	0	0
dpy-10	phen_dpy-10_sg1sg2_16	398	412	0	0	0	0	0	0
dpy-10	phen_dpy-10_sg1sg2_16	399	416	0	0	0	0	0	0
dpy-10	phen_dpy-10_sg1sg2_16	400	414	0	0	0	0	0	0
dpy-10	phen_dpy-10_sg1sg2_16	401	412	0	0	0	0	0	0
dpy-10	phen_dpy-10_sg1sg2_16	402	417	0	0	0	0	0	0
dpy-10	phen_dpy-10_sg1sg2_16	403	416	0	0	0	0	0	0
dpy-10	phen_dpy-10_sg1sg2_16	404	414	0	0	0	0	0	0
dpy-10	phen_dpy-10_sg1sg2_16	405	415	0	0	0	0	0	0
dpy-10	phen_dpy-10_sg1sg2_16	406	416	0	0	0	0	0	0
dpy-10	phen_dpy-10_sg1sg2_16	407	416	0	0	0	0	0	0
dpy-10	phen_dpy-10_sg1sg2_16	408	413	0	0	0	0	0	0
dpy-10	phen_dpy-10_sg1sg2_16	409	412	0	0	0	0	0	0
dpy-10	phen_dpy-10_sg1sg2_16	410	410	0	0	0	0	0	0
dpy-10	phen_dpy-10_sg1sg2_16	411	401	0	0	0	0	0	0
dpy-10	phen_dpy-10_sg1sg2_16	412	401	0	0	0	0	0	0
dpy-10	phen_dpy-10_sg1sg2_16	413	400	0	0	0	0	0	0
dpy-10	phen_dpy-10_sg1sg2_16	414	404	0	0	0	0	0	0
dpy-10	phen_dpy-10_sg1sg2_16	415	405	0	0	0	0	0	0
dpy-10	phen_dpy-10_sg1sg2_16	416	406	0	0	0	0	0	0
dpy-10	phen_dpy-10_sg1sg2_16	417	406	0	0	0	0	0	0
dpy-10	phen_dpy-10_sg1sg2_16	418	403	0	0	0	0	0	0
dpy-10	phen_dpy-10_sg1sg2_16	419	406	0	0	0	0	0	0
dpy-10	phen_dpy-10_sg1sg2_16	420	404	0	0	0	0	0	0
dpy-10	phen_dpy-10_sg1sg2_16	421	408	0	0	0	0	0	0
dpy-10	phen_dpy-10_sg1sg2_16	422	391	0	0	0	0	0	0
dpy-10	phen_dpy-10_sg1sg2_16	423	394	0	0	0	0	0	0
dpy-10	phen_dpy-10_sg1sg2_16	424	392	0	0	0	0	0	0
dpy-10	phen_dpy-10_sg1sg2_16	425	392	0	0	0	0	0	0
dpy-10	phen_dpy-10_sg1sg2_16	426	393	0	0	0	0	0	0
dpy-10	phen_dpy-10_sg1sg2_16	427	395	0	0	0	0	0	0
dpy-10	phen_dpy-10_sg1sg2_16	428	390	0	0	0	0	0	0
dpy-10	phen_dpy-10_sg1sg2_16	429	386	0	0	0	0	0	0
dpy-10	phen_dpy-10_sg1sg2_16	430	380	0	0	0	0	0	0
dpy-10	phen_dpy-10_sg1sg2_16	431	389	0	0	0	0	0	0
dpy-10	phen_dpy-10_sg1sg2_16	432	390	0	0	0	0	0	0
dpy-10	phen_dpy-10_sg1sg2_16	433	393	0	0	0	0	0	0
dpy-10	phen_dpy-10_sg1sg2_16	434	391	1	0	1	0.00255754475703325	0	0.00255754475703325
dpy-10	phen_dpy-10_sg1sg2_16	435	391	0	0	0	0	0	0
dpy-10	phen_dpy-10_sg1sg2_16	436	390	0	0	0	0	0	0
dpy-10	phen_dpy-10_sg1sg2_16	437	391	0	0	0	0	0	0
dpy-10	phen_dpy-10_sg1sg2_16	438	395	0	0	0	0	0	0
dpy-10	phen_dpy-10_sg1sg2_16	439	396	0	0	0	0	0	0
dpy-10	phen_dpy-10_sg1sg2_16	440	399	0	0	0	0	0	0
dpy-10	phen_dpy-10_sg1sg2_16	441	401	0	0	0	0	0	0
dpy-10	phen_dpy-10_sg1sg2_16	442	405	0	0	0	0	0	0
dpy-10	phen_dpy-10_sg1sg2_16	443	409	0	0	0	0	0	0
dpy-10	phen_dpy-10_sg1sg2_16	444	411	0	0	0	0	0	0
dpy-10	phen_dpy-10_sg1sg2_16	445	408	0	0	0	0	0	0
dpy-10	phen_dpy-10_sg1sg2_16	446	411	0	0	0	0	0	0
dpy-10	phen_dpy-10_sg1sg2_16	447	409	0	0	0	0	0	0
dpy-10	phen_dpy-10_sg1sg2_16	448	406	0	0	0	0	0	0
dpy-10	phen_dpy-10_sg1sg2_16	449	405	0	0	0	0	0	0
dpy-10	phen_dpy-10_sg1sg2_16	450	408	0	0	0	0	0	0
dpy-10	phen_dpy-10_sg1sg2_16	451	416	0	0	0	0	0	0
dpy-10	phen_dpy-10_sg1sg2_16	452	413	0	0	0	0	0	0
dpy-10	phen_dpy-10_sg1sg2_16	453	413	0	0	0	0	0	0
dpy-10	phen_dpy-10_sg1sg2_16	454	411	0	0	0	0	0	0
dpy-10	phen_dpy-10_sg1sg2_16	455	389	0	0	0	0	0	0
dpy-10	phen_dpy-10_sg1sg2_16	456	392	0	0	0	0	0	0
dpy-10	phen_dpy-10_sg1sg2_16	457	389	0	0	0	0	0	0
dpy-10	phen_dpy-10_sg1sg2_16	458	390	0	0	0	0	0	0
dpy-10	phen_dpy-10_sg1sg2_16	459	392	0	0	0	0	0	0
dpy-10	phen_dpy-10_sg1sg2_16	460	376	0	0	0	0	0	0
dpy-10	phen_dpy-10_sg1sg2_16	461	426	0	0	0	0	0	0
dpy-10	phen_dpy-10_sg1sg2_16	462	429	0	0	0	0	0	0
dpy-10	phen_dpy-10_sg1sg2_16	463	429	0	1	1	0	0.00233100233100233	0.00233100233100233
dpy-10	phen_dpy-10_sg1sg2_16	464	428	0	1	1	0	0.00233644859813084	0.00233644859813084
dpy-10	phen_dpy-10_sg1sg2_16	465	419	0	0	0	0	0	0
dpy-10	phen_dpy-10_sg1sg2_16	466	418	0	0	0	0	0	0
dpy-10	phen_dpy-10_sg1sg2_16	467	425	0	0	0	0	0	0
dpy-10	phen_dpy-10_sg1sg2_16	468	426	0	0	0	0	0	0
dpy-10	phen_dpy-10_sg1sg2_16	469	423	0	0	0	0	0	0
dpy-10	phen_dpy-10_sg1sg2_16	470	368	0	0	0	0	0	0
dpy-10	phen_dpy-10_sg1sg2_16	471	367	0	0	0	0	0	0
dpy-10	phen_dpy-10_sg1sg2_16	472	370	0	0	0	0	0	0
dpy-10	phen_dpy-10_sg1sg2_16	473	369	0	0	0	0	0	0
dpy-10	phen_dpy-10_sg1sg2_16	474	371	0	0	0	0	0	0
dpy-10	phen_dpy-10_sg1sg2_16	475	371	0	0	0	0	0	0
dpy-10	phen_dpy-10_sg1sg2_16	476	367	0	0	0	0	0	0
dpy-10	phen_dpy-10_sg1sg2_16	477	367	0	0	0	0	0	0
dpy-10	phen_dpy-10_sg1sg2_16	478	365	0	0	0	0	0	0
dpy-10	phen_dpy-10_sg1sg2_16	479	364	0	0	0	0	0	0
dpy-10	phen_dpy-10_sg1sg2_16	480	367	0	0	0	0	0	0
dpy-10	phen_dpy-10_sg1sg2_16	481	366	0	0	0	0	0	0
dpy-10	phen_dpy-10_sg1sg2_16	482	368	0	0	0	0	0	0
dpy-10	phen_dpy-10_sg1sg2_16	483	366	0	0	0	0	0	0
dpy-10	phen_dpy-10_sg1sg2_16	484	359	0	0	0	0	0	0
dpy-10	phen_dpy-10_sg1sg2_16	485	359	0	0	0	0	0	0
dpy-10	phen_dpy-10_sg1sg2_16	486	357	0	0	0	0	0	0
dpy-10	phen_dpy-10_sg1sg2_16	487	356	0	0	0	0	0	0
dpy-10	phen_dpy-10_sg1sg2_16	488	357	0	0	0	0	0	0
dpy-10	phen_dpy-10_sg1sg2_16	489	350	0	0	0	0	0	0
dpy-10	phen_dpy-10_sg1sg2_16	490	352	0	0	0	0	0	0
dpy-10	phen_dpy-10_sg1sg2_16	491	357	0	0	0	0	0	0
dpy-10	phen_dpy-10_sg1sg2_16	492	358	0	0	0	0	0	0
dpy-10	phen_dpy-10_sg1sg2_16	493	378	0	0	0	0	0	0
dpy-10	phen_dpy-10_sg1sg2_16	494	377	0	0	0	0	0	0
dpy-10	phen_dpy-10_sg1sg2_16	495	384	0	0	0	0	0	0
dpy-10	phen_dpy-10_sg1sg2_16	496	382	0	0	0	0	0	0
dpy-10	phen_dpy-10_sg1sg2_16	497	381	0	0	0	0	0	0
dpy-10	phen_dpy-10_sg1sg2_16	498	384	0	0	0	0	0	0
dpy-10	phen_dpy-10_sg1sg2_16	499	383	0	0	0	0	0	0
dpy-10	phen_dpy-10_sg1sg2_16	500	384	0	0	0	0	0	0
dpy-10	phen_dpy-10_sg1sg2_16	501	383	0	0	0	0	0	0
dpy-10	phen_dpy-10_sg1sg2_16	502	367	0	0	0	0	0	0
dpy-10	phen_dpy-10_sg1sg2_16	503	371	0	0	0	0	0	0
dpy-10	phen_dpy-10_sg1sg2_16	504	368	0	0	0	0	0	0
dpy-10	phen_dpy-10_sg1sg2_16	505	369	0	0	0	0	0	0
dpy-10	phen_dpy-10_sg1sg2_16	506	369	0	0	0	0	0	0
dpy-10	phen_dpy-10_sg1sg2_16	507	362	0	0	0	0	0	0
dpy-10	phen_dpy-10_sg1sg2_16	508	365	0	0	0	0	0	0
dpy-10	phen_dpy-10_sg1sg2_16	509	366	0	0	0	0	0	0
dpy-10	phen_dpy-10_sg1sg2_16	510	376	1	0	1	0.00265957446808511	0	0.00265957446808511
dpy-10	phen_dpy-10_sg1sg2_16	511	377	0	0	0	0	0	0
dpy-10	phen_dpy-10_sg1sg2_16	512	376	0	0	0	0	0	0
dpy-10	phen_dpy-10_sg1sg2_16	513	380	0	0	0	0	0	0
dpy-10	phen_dpy-10_sg1sg2_16	514	377	0	0	0	0	0	0
dpy-10	phen_dpy-10_sg1sg2_16	515	374	0	0	0	0	0	0
dpy-10	phen_dpy-10_sg1sg2_16	516	374	1	0	1	0.00267379679144385	0	0.00267379679144385
dpy-10	phen_dpy-10_sg1sg2_16	517	378	0	0	0	0	0	0
dpy-10	phen_dpy-10_sg1sg2_16	518	381	0	0	0	0	0	0
dpy-10	phen_dpy-10_sg1sg2_16	519	377	0	0	0	0	0	0
dpy-10	phen_dpy-10_sg1sg2_16	520	376	0	0	0	0	0	0
dpy-10	phen_dpy-10_sg1sg2_16	521	375	0	0	0	0	0	0
dpy-10	phen_dpy-10_sg1sg2_16	522	374	0	0	0	0	0	0
dpy-10	phen_dpy-10_sg1sg2_16	523	375	0	0	0	0	0	0
dpy-10	phen_dpy-10_sg1sg2_16	524	374	0	0	0	0	0	0
dpy-10	phen_dpy-10_sg1sg2_16	525	372	0	0	0	0	0	0
dpy-10	phen_dpy-10_sg1sg2_16	526	363	0	0	0	0	0	0
dpy-10	phen_dpy-10_sg1sg2_16	527	363	0	0	0	0	0	0
dpy-10	phen_dpy-10_sg1sg2_16	528	366	0	0	0	0	0	0
dpy-10	phen_dpy-10_sg1sg2_16	529	372	0	0	0	0	0	0
dpy-10	phen_dpy-10_sg1sg2_16	530	376	0	0	0	0	0	0
dpy-10	phen_dpy-10_sg1sg2_16	531	375	0	0	0	0	0	0
dpy-10	phen_dpy-10_sg1sg2_16	532	374	0	0	0	0	0	0
dpy-10	phen_dpy-10_sg1sg2_16	533	375	0	0	0	0	0	0
dpy-10	phen_dpy-10_sg1sg2_16	534	381	0	0	0	0	0	0
dpy-10	phen_dpy-10_sg1sg2_16	535	381	0	0	0	0	0	0
dpy-10	phen_dpy-10_sg1sg2_16	536	377	0	0	0	0	0	0
dpy-10	phen_dpy-10_sg1sg2_16	537	376	0	0	0	0	0	0
dpy-10	phen_dpy-10_sg1sg2_16	538	377	0	0	0	0	0	0
dpy-10	phen_dpy-10_sg1sg2_16	539	373	0	0	0	0	0	0
dpy-10	phen_dpy-10_sg1sg2_16	540	376	0	0	0	0	0	0
dpy-10	phen_dpy-10_sg1sg2_16	541	373	0	0	0	0	0	0
dpy-10	phen_dpy-10_sg1sg2_16	542	369	0	0	0	0	0	0
dpy-10	phen_dpy-10_sg1sg2_16	543	365	0	0	0	0	0	0
dpy-10	phen_dpy-10_sg1sg2_16	544	365	0	0	0	0	0	0
dpy-10	phen_dpy-10_sg1sg2_16	545	366	0	0	0	0	0	0
dpy-10	phen_dpy-10_sg1sg2_16	546	370	0	0	0	0	0	0
dpy-10	phen_dpy-10_sg1sg2_16	547	371	0	0	0	0	0	0
dpy-10	phen_dpy-10_sg1sg2_16	548	377	0	0	0	0	0	0
dpy-10	phen_dpy-10_sg1sg2_16	549	381	0	0	0	0	0	0
dpy-10	phen_dpy-10_sg1sg2_16	550	378	0	0	0	0	0	0
dpy-10	phen_dpy-10_sg1sg2_16	551	379	0	0	0	0	0	0
dpy-10	phen_dpy-10_sg1sg2_16	552	377	0	0	0	0	0	0
dpy-10	phen_dpy-10_sg1sg2_16	553	378	0	0	0	0	0	0
dpy-10	phen_dpy-10_sg1sg2_16	554	378	0	0	0	0	0	0
dpy-10	phen_dpy-10_sg1sg2_16	555	378	0	0	0	0	0	0
dpy-10	phen_dpy-10_sg1sg2_16	556	379	0	0	0	0	0	0
dpy-10	phen_dpy-10_sg1sg2_16	557	378	0	0	0	0	0	0
dpy-10	phen_dpy-10_sg1sg2_16	558	378	0	0	0	0	0	0
dpy-10	phen_dpy-10_sg1sg2_16	559	382	0	0	0	0	0	0
dpy-10	phen_dpy-10_sg1sg2_16	560	382	0	0	0	0	0	0
dpy-10	phen_dpy-10_sg1sg2_16	561	382	0	0	0	0	0	0
dpy-10	phen_dpy-10_sg1sg2_16	562	382	0	0	0	0	0	0
dpy-10	phen_dpy-10_sg1sg2_16	563	388	0	0	0	0	0	0
dpy-10	phen_dpy-10_sg1sg2_16	564	382	0	0	0	0	0	0
dpy-10	phen_dpy-10_sg1sg2_16	565	371	0	0	0	0	0	0
dpy-10	phen_dpy-10_sg1sg2_16	566	373	0	0	0	0	0	0
dpy-10	phen_dpy-10_sg1sg2_16	567	375	0	0	0	0	0	0
dpy-10	phen_dpy-10_sg1sg2_16	568	376	0	0	0	0	0	0
dpy-10	phen_dpy-10_sg1sg2_16	569	376	0	0	0	0	0	0
dpy-10	phen_dpy-10_sg1sg2_16	570	377	0	0	0	0	0	0
dpy-10	phen_dpy-10_sg1sg2_16	571	376	0	0	0	0	0	0
dpy-10	phen_dpy-10_sg1sg2_16	572	365	0	0	0	0	0	0
dpy-10	phen_dpy-10_sg1sg2_16	573	365	0	0	0	0	0	0
dpy-10	phen_dpy-10_sg1sg2_16	574	368	0	0	0	0	0	0
dpy-10	phen_dpy-10_sg1sg2_16	575	369	0	0	0	0	0	0
dpy-10	phen_dpy-10_sg1sg2_16	576	369	0	0	0	0	0	0
dpy-10	phen_dpy-10_sg1sg2_16	577	367	0	0	0	0	0	0
dpy-10	phen_dpy-10_sg1sg2_16	578	370	0	0	0	0	0	0
dpy-10	phen_dpy-10_sg1sg2_16	579	367	0	0	0	0	0	0
dpy-10	phen_dpy-10_sg1sg2_16	580	366	0	0	0	0	0	0
dpy-10	phen_dpy-10_sg1sg2_16	581	366	0	0	0	0	0	0
dpy-10	phen_dpy-10_sg1sg2_16	582	364	0	0	0	0	0	0
dpy-10	phen_dpy-10_sg1sg2_16	583	365	0	0	0	0	0	0
dpy-10	phen_dpy-10_sg1sg2_16	584	365	0	0	0	0	0	0
dpy-10	phen_dpy-10_sg1sg2_16	585	366	0	0	0	0	0	0
dpy-10	phen_dpy-10_sg1sg2_16	586	366	0	0	0	0	0	0
dpy-10	phen_dpy-10_sg1sg2_16	587	365	0	0	0	0	0	0
dpy-10	phen_dpy-10_sg1sg2_16	588	366	0	0	0	0	0	0
dpy-10	phen_dpy-10_sg1sg2_16	589	373	0	0	0	0	0	0
dpy-10	phen_dpy-10_sg1sg2_16	590	357	0	0	0	0	0	0
dpy-10	phen_dpy-10_sg1sg2_16	591	351	0	0	0	0	0	0
dpy-10	phen_dpy-10_sg1sg2_16	592	355	0	0	0	0	0	0
dpy-10	phen_dpy-10_sg1sg2_16	593	355	0	0	0	0	0	0
dpy-10	phen_dpy-10_sg1sg2_16	594	355	0	0	0	0	0	0
dpy-10	phen_dpy-10_sg1sg2_16	595	356	0	0	0	0	0	0
dpy-10	phen_dpy-10_sg1sg2_16	596	358	0	0	0	0	0	0
dpy-10	phen_dpy-10_sg1sg2_16	597	355	0	0	0	0	0	0
dpy-10	phen_dpy-10_sg1sg2_16	598	348	0	0	0	0	0	0
dpy-10	phen_dpy-10_sg1sg2_16	599	350	0	0	0	0	0	0
dpy-10	phen_dpy-10_sg1sg2_16	600	348	0	0	0	0	0	0
dpy-10	phen_dpy-10_sg1sg2_16	601	335	0	0	0	0	0	0
dpy-10	phen_dpy-10_sg1sg2_16	602	330	0	0	0	0	0	0
dpy-10	phen_dpy-10_sg1sg2_16	603	330	0	0	0	0	0	0
dpy-10	phen_dpy-10_sg1sg2_16	604	334	0	0	0	0	0	0
dpy-10	phen_dpy-10_sg1sg2_16	605	333	0	0	0	0	0	0
dpy-10	phen_dpy-10_sg1sg2_16	606	332	0	0	0	0	0	0
dpy-10	phen_dpy-10_sg1sg2_16	607	335	0	0	0	0	0	0
dpy-10	phen_dpy-10_sg1sg2_16	608	338	0	0	0	0	0	0
dpy-10	phen_dpy-10_sg1sg2_16	609	331	0	0	0	0	0	0
dpy-10	phen_dpy-10_sg1sg2_16	610	333	0	0	0	0	0	0
dpy-10	phen_dpy-10_sg1sg2_16	611	329	0	0	0	0	0	0
dpy-10	phen_dpy-10_sg1sg2_16	612	308	0	0	0	0	0	0
dpy-10	phen_dpy-10_sg1sg2_16	613	306	0	0	0	0	0	0
dpy-10	phen_dpy-10_sg1sg2_16	614	306	0	0	0	0	0	0
dpy-10	phen_dpy-10_sg1sg2_16	615	305	0	0	0	0	0	0
dpy-10	phen_dpy-10_sg1sg2_16	616	296	0	0	0	0	0	0
dpy-10	phen_dpy-10_sg1sg2_16	617	297	0	0	0	0	0	0
dpy-10	phen_dpy-10_sg1sg2_16	618	295	0	0	0	0	0	0
dpy-10	phen_dpy-10_sg1sg2_16	619	297	1	0	1	0.00336700336700337	0	0.00336700336700337
dpy-10	phen_dpy-10_sg1sg2_16	620	299	0	0	0	0	0	0
dpy-10	phen_dpy-10_sg1sg2_16	621	299	0	0	0	0	0	0
dpy-10	phen_dpy-10_sg1sg2_16	622	297	0	0	0	0	0	0
dpy-10	phen_dpy-10_sg1sg2_16	623	298	1	0	1	0.00335570469798658	0	0.00335570469798658
dpy-10	phen_dpy-10_sg1sg2_16	624	299	1	0	1	0.00334448160535117	0	0.00334448160535117
dpy-10	phen_dpy-10_sg1sg2_16	625	299	1	0	1	0.00334448160535117	0	0.00334448160535117
dpy-10	phen_dpy-10_sg1sg2_16	626	297	0	0	0	0	0	0
dpy-10	phen_dpy-10_sg1sg2_16	627	295	0	0	0	0	0	0
dpy-10	phen_dpy-10_sg1sg2_16	628	298	0	0	0	0	0	0
dpy-10	phen_dpy-10_sg1sg2_16	629	298	0	0	0	0	0	0
dpy-10	phen_dpy-10_sg1sg2_16	630	298	0	0	0	0	0	0
dpy-10	phen_dpy-10_sg1sg2_16	631	295	0	0	0	0	0	0
dpy-10	phen_dpy-10_sg1sg2_16	632	294	0	0	0	0	0	0
dpy-10	phen_dpy-10_sg1sg2_16	633	295	0	0	0	0	0	0
dpy-10	phen_dpy-10_sg1sg2_16	634	294	0	0	0	0	0	0
dpy-10	phen_dpy-10_sg1sg2_16	635	300	0	0	0	0	0	0
dpy-10	phen_dpy-10_sg1sg2_16	636	298	0	0	0	0	0	0
dpy-10	phen_dpy-10_sg1sg2_16	637	299	0	0	0	0	0	0
dpy-10	phen_dpy-10_sg1sg2_16	638	296	0	0	0	0	0	0
dpy-10	phen_dpy-10_sg1sg2_16	639	295	0	0	0	0	0	0
dpy-10	phen_dpy-10_sg1sg2_16	640	294	0	0	0	0	0	0
dpy-10	phen_dpy-10_sg1sg2_16	641	294	0	0	0	0	0	0
dpy-10	phen_dpy-10_sg1sg2_16	642	288	0	0	0	0	0	0
dpy-10	phen_dpy-10_sg1sg2_16	643	287	0	0	0	0	0	0
dpy-10	phen_dpy-10_sg1sg2_16	644	277	0	0	0	0	0	0
dpy-10	phen_dpy-10_sg1sg2_16	645	277	0	0	0	0	0	0
dpy-10	phen_dpy-10_sg1sg2_16	646	268	0	0	0	0	0	0
dpy-10	phen_dpy-10_sg1sg2_16	647	267	0	0	0	0	0	0
dpy-10	phen_dpy-10_sg1sg2_16	648	267	0	0	0	0	0	0
dpy-10	phen_dpy-10_sg1sg2_16	649	263	0	0	0	0	0	0
dpy-10	phen_dpy-10_sg1sg2_16	650	263	0	0	0	0	0	0
dpy-10	phen_dpy-10_sg1sg2_16	651	260	0	0	0	0	0	0
dpy-10	phen_dpy-10_sg1sg2_16	652	263	0	0	0	0	0	0
dpy-10	phen_dpy-10_sg1sg2_16	653	252	0	0	0	0	0	0
dpy-10	phen_dpy-10_sg1sg2_16	654	252	0	0	0	0	0	0
dpy-10	phen_dpy-10_sg1sg2_16	655	252	0	0	0	0	0	0
dpy-10	phen_dpy-10_sg1sg2_16	656	251	0	0	0	0	0	0
dpy-10	phen_dpy-10_sg1sg2_16	657	251	0	0	0	0	0	0
dpy-10	phen_dpy-10_sg1sg2_16	658	250	0	0	0	0	0	0
dpy-10	phen_dpy-10_sg1sg2_16	659	248	0	0	0	0	0	0
dpy-10	phen_dpy-10_sg1sg2_16	660	249	0	0	0	0	0	0
dpy-10	phen_dpy-10_sg1sg2_16	661	236	0	0	0	0	0	0
dpy-10	phen_dpy-10_sg1sg2_16	662	235	0	0	0	0	0	0
dpy-10	phen_dpy-10_sg1sg2_16	663	227	0	0	0	0	0	0
dpy-10	phen_dpy-10_sg1sg2_16	664	226	0	0	0	0	0	0
dpy-10	phen_dpy-10_sg1sg2_16	665	225	0	0	0	0	0	0
dpy-10	phen_dpy-10_sg1sg2_16	666	224	0	0	0	0	0	0
dpy-10	phen_dpy-10_sg1sg2_16	667	221	1	0	1	0.00452488687782805	0	0.00452488687782805
dpy-10	phen_dpy-10_sg1sg2_16	668	218	0	0	0	0	0	0
dpy-10	phen_dpy-10_sg1sg2_16	669	217	0	0	0	0	0	0
dpy-10	phen_dpy-10_sg1sg2_16	670	223	0	0	0	0	0	0
dpy-10	phen_dpy-10_sg1sg2_16	671	222	0	0	0	0	0	0
dpy-10	phen_dpy-10_sg1sg2_16	672	222	0	0	0	0	0	0
dpy-10	phen_dpy-10_sg1sg2_16	673	223	0	0	0	0	0	0
dpy-10	phen_dpy-10_sg1sg2_16	674	225	0	0	0	0	0	0
dpy-10	phen_dpy-10_sg1sg2_16	675	227	0	0	0	0	0	0
dpy-10	phen_dpy-10_sg1sg2_16	676	229	0	0	0	0	0	0
dpy-10	phen_dpy-10_sg1sg2_16	677	228	0	0	0	0	0	0
dpy-10	phen_dpy-10_sg1sg2_16	678	227	0	0	0	0	0	0
dpy-10	phen_dpy-10_sg1sg2_16	679	217	0	0	0	0	0	0
dpy-10	phen_dpy-10_sg1sg2_16	680	217	0	0	0	0	0	0
dpy-10	phen_dpy-10_sg1sg2_16	681	213	0	0	0	0	0	0
dpy-10	phen_dpy-10_sg1sg2_16	682	214	0	0	0	0	0	0
dpy-10	phen_dpy-10_sg1sg2_16	683	214	0	0	0	0	0	0
dpy-10	phen_dpy-10_sg1sg2_16	684	211	0	0	0	0	0	0
dpy-10	phen_dpy-10_sg1sg2_16	685	210	0	0	0	0	0	0
dpy-10	phen_dpy-10_sg1sg2_16	686	209	0	0	0	0	0	0
dpy-10	phen_dpy-10_sg1sg2_16	687	204	0	0	0	0	0	0
dpy-10	phen_dpy-10_sg1sg2_16	688	205	0	0	0	0	0	0
dpy-10	phen_dpy-10_sg1sg2_16	689	208	0	0	0	0	0	0
dpy-10	phen_dpy-10_sg1sg2_16	690	209	0	0	0	0	0	0
dpy-10	phen_dpy-10_sg1sg2_16	691	204	0	0	0	0	0	0
dpy-10	phen_dpy-10_sg1sg2_16	692	203	0	0	0	0	0	0
dpy-10	phen_dpy-10_sg1sg2_16	693	204	0	0	0	0	0	0
dpy-10	phen_dpy-10_sg1sg2_16	694	204	0	0	0	0	0	0
dpy-10	phen_dpy-10_sg1sg2_16	695	199	0	0	0	0	0	0
dpy-10	phen_dpy-10_sg1sg2_16	696	200	0	0	0	0	0	0
dpy-10	phen_dpy-10_sg1sg2_16	697	194	0	0	0	0	0	0
dpy-10	phen_dpy-10_sg1sg2_16	698	184	0	0	0	0	0	0
dpy-10	phen_dpy-10_sg1sg2_16	699	184	0	0	0	0	0	0
dpy-10	phen_dpy-10_sg1sg2_16	700	183	0	0	0	0	0	0
dpy-10	phen_dpy-10_sg1sg2_16	701	185	0	0	0	0	0	0
dpy-10	phen_dpy-10_sg1sg2_16	702	185	0	0	0	0	0	0
dpy-10	phen_dpy-10_sg1sg2_16	703	190	0	0	0	0	0	0
dpy-10	phen_dpy-10_sg1sg2_16	704	191	0	0	0	0	0	0
dpy-10	phen_dpy-10_sg1sg2_16	705	191	0	0	0	0	0	0
dpy-10	phen_dpy-10_sg1sg2_16	706	190	0	0	0	0	0	0
dpy-10	phen_dpy-10_sg1sg2_16	707	191	0	0	0	0	0	0
dpy-10	phen_dpy-10_sg1sg2_16	708	190	0	0	0	0	0	0
dpy-10	phen_dpy-10_sg1sg2_16	709	189	0	0	0	0	0	0
dpy-10	phen_dpy-10_sg1sg2_16	710	178	0	0	0	0	0	0
dpy-10	phen_dpy-10_sg1sg2_16	711	179	0	0	0	0	0	0
dpy-10	phen_dpy-10_sg1sg2_16	712	178	0	0	0	0	0	0
dpy-10	phen_dpy-10_sg1sg2_16	713	178	0	0	0	0	0	0
dpy-10	phen_dpy-10_sg1sg2_16	714	175	0	0	0	0	0	0
dpy-10	phen_dpy-10_sg1sg2_16	715	175	0	0	0	0	0	0
dpy-10	phen_dpy-10_sg1sg2_16	716	173	0	0	0	0	0	0
dpy-10	phen_dpy-10_sg1sg2_16	717	172	0	0	0	0	0	0
dpy-10	phen_dpy-10_sg1sg2_16	718	168	0	0	0	0	0	0
dpy-10	phen_dpy-10_sg1sg2_16	719	167	0	0	0	0	0	0
dpy-10	phen_dpy-10_sg1sg2_16	720	164	0	0	0	0	0	0
dpy-10	phen_dpy-10_sg1sg2_16	721	165	0	0	0	0	0	0
dpy-10	phen_dpy-10_sg1sg2_16	722	166	0	0	0	0	0	0
dpy-10	phen_dpy-10_sg1sg2_16	723	167	0	0	0	0	0	0
dpy-10	phen_dpy-10_sg1sg2_16	724	165	0	0	0	0	0	0
dpy-10	phen_dpy-10_sg1sg2_16	725	170	0	0	0	0	0	0
dpy-10	phen_dpy-10_sg1sg2_16	726	168	0	0	0	0	0	0
dpy-10	phen_dpy-10_sg1sg2_16	727	168	0	0	0	0	0	0
dpy-10	phen_dpy-10_sg1sg2_16	728	170	0	0	0	0	0	0
dpy-10	phen_dpy-10_sg1sg2_16	729	166	0	0	0	0	0	0
dpy-10	phen_dpy-10_sg1sg2_16	730	166	1	0	1	0.00602409638554217	0	0.00602409638554217
dpy-10	phen_dpy-10_sg1sg2_16	731	165	40	0	40	0.242424242424242	0	0.242424242424242
dpy-10	phen_dpy-10_sg1sg2_16	732	159	40	0	40	0.251572327044025	0	0.251572327044025
dpy-10	phen_dpy-10_sg1sg2_16	733	158	40	0	40	0.253164556962025	0	0.253164556962025
dpy-10	phen_dpy-10_sg1sg2_16	734	151	40	1	41	0.264900662251656	0.00662251655629139	0.271523178807947
dpy-10	phen_dpy-10_sg1sg2_16	735	148	40	1	41	0.27027027027027	0.00675675675675676	0.277027027027027
dpy-10	phen_dpy-10_sg1sg2_16	736	148	40	0	40	0.27027027027027	0	0.27027027027027
dpy-10	phen_dpy-10_sg1sg2_16	737	146	40	0	40	0.273972602739726	0	0.273972602739726
dpy-10	phen_dpy-10_sg1sg2_16	738	149	40	0	40	0.268456375838926	0	0.268456375838926
dpy-10	phen_dpy-10_sg1sg2_16	739	145	40	0	40	0.275862068965517	0	0.275862068965517
dpy-10	phen_dpy-10_sg1sg2_16	740	144	39	0	39	0.270833333333333	0	0.270833333333333
dpy-10	phen_dpy-10_sg1sg2_16	741	143	0	0	0	0	0	0
dpy-10	phen_dpy-10_sg1sg2_16	742	139	0	0	0	0	0	0
dpy-10	phen_dpy-10_sg1sg2_16	743	138	0	0	0	0	0	0
dpy-10	phen_dpy-10_sg1sg2_16	744	135	0	0	0	0	0	0
dpy-10	phen_dpy-10_sg1sg2_16	745	137	0	0	0	0	0	0
dpy-10	phen_dpy-10_sg1sg2_16	746	135	0	0	0	0	0	0
dpy-10	phen_dpy-10_sg1sg2_16	747	121	0	0	0	0	0	0
dpy-10	phen_dpy-10_sg1sg2_16	748	119	0	0	0	0	0	0
dpy-10	phen_dpy-10_sg1sg2_16	749	122	0	0	0	0	0	0
dpy-10	phen_dpy-10_sg1sg2_16	750	122	0	0	0	0	0	0
dpy-10	phen_dpy-10_sg1sg2_16	751	122	2	1	3	0.0163934426229508	0.00819672131147541	0.0245901639344262
dpy-10	phen_dpy-10_sg1sg2_16	752	121	2	1	3	0.0165289256198347	0.00826446280991736	0.0247933884297521
dpy-10	phen_dpy-10_sg1sg2_16	753	120	2	0	2	0.0166666666666667	0	0.0166666666666667
dpy-10	phen_dpy-10_sg1sg2_16	754	113	1	0	1	0.00884955752212389	0	0.00884955752212389
dpy-10	phen_dpy-10_sg1sg2_16	755	109	1	0	1	0.00917431192660551	0	0.00917431192660551
dpy-10	phen_dpy-10_sg1sg2_16	756	109	1	0	1	0.00917431192660551	0	0.00917431192660551
dpy-10	phen_dpy-10_sg1sg2_16	757	108	0	0	0	0	0	0
dpy-10	phen_dpy-10_sg1sg2_16	758	105	0	0	0	0	0	0
dpy-10	phen_dpy-10_sg1sg2_16	759	104	0	0	0	0	0	0
dpy-10	phen_dpy-10_sg1sg2_16	760	102	0	0	0	0	0	0
dpy-10	phen_dpy-10_sg1sg2_16	761	103	0	0	0	0	0	0
dpy-10	phen_dpy-10_sg1sg2_16	762	106	0	0	0	0	0	0
dpy-10	phen_dpy-10_sg1sg2_16	763	110	0	0	0	0	0	0
dpy-10	phen_dpy-10_sg1sg2_16	764	112	1	0	1	0.00892857142857143	0	0.00892857142857143
dpy-10	phen_dpy-10_sg1sg2_16	765	117	0	0	0	0	0	0
dpy-10	phen_dpy-10_sg1sg2_16	766	121	0	0	0	0	0	0
dpy-10	phen_dpy-10_sg1sg2_16	767	122	0	0	0	0	0	0
dpy-10	phen_dpy-10_sg1sg2_16	768	126	0	0	0	0	0	0
dpy-10	phen_dpy-10_sg1sg2_16	769	132	0	0	0	0	0	0
dpy-10	phen_dpy-10_sg1sg2_16	770	133	0	0	0	0	0	0
dpy-10	phen_dpy-10_sg1sg2_16	771	132	0	0	0	0	0	0
dpy-10	phen_dpy-10_sg1sg2_16	772	132	0	0	0	0	0	0
dpy-10	phen_dpy-10_sg1sg2_16	773	133	0	0	0	0	0	0
dpy-10	phen_dpy-10_sg1sg2_16	774	136	0	0	0	0	0	0
dpy-10	phen_dpy-10_sg1sg2_16	775	137	0	0	0	0	0	0
dpy-10	phen_dpy-10_sg1sg2_16	776	138	0	0	0	0	0	0
dpy-10	phen_dpy-10_sg1sg2_16	777	143	0	0	0	0	0	0
dpy-10	phen_dpy-10_sg1sg2_16	778	143	0	0	0	0	0	0
dpy-10	phen_dpy-10_sg1sg2_16	779	144	0	0	0	0	0	0
dpy-10	phen_dpy-10_sg1sg2_16	780	140	0	0	0	0	0	0
dpy-10	phen_dpy-10_sg1sg2_16	781	139	0	0	0	0	0	0
dpy-10	phen_dpy-10_sg1sg2_16	782	140	0	0	0	0	0	0
dpy-10	phen_dpy-10_sg1sg2_16	783	138	0	0	0	0	0	0
dpy-10	phen_dpy-10_sg1sg2_16	784	139	0	0	0	0	0	0
dpy-10	phen_dpy-10_sg1sg2_16	785	140	0	0	0	0	0	0
dpy-10	phen_dpy-10_sg1sg2_16	786	142	0	0	0	0	0	0
dpy-10	phen_dpy-10_sg1sg2_16	787	143	0	0	0	0	0	0
dpy-10	phen_dpy-10_sg1sg2_16	788	144	0	0	0	0	0	0
dpy-10	phen_dpy-10_sg1sg2_16	789	144	0	0	0	0	0	0
dpy-10	phen_dpy-10_sg1sg2_16	790	145	0	0	0	0	0	0
dpy-10	phen_dpy-10_sg1sg2_16	791	146	0	0	0	0	0	0
dpy-10	phen_dpy-10_sg1sg2_16	792	146	0	0	0	0	0	0
dpy-10	phen_dpy-10_sg1sg2_16	793	145	0	0	0	0	0	0
dpy-10	phen_dpy-10_sg1sg2_16	794	144	0	0	0	0	0	0
dpy-10	phen_dpy-10_sg1sg2_16	795	144	0	0	0	0	0	0
dpy-10	phen_dpy-10_sg1sg2_16	796	146	0	0	0	0	0	0
dpy-10	phen_dpy-10_sg1sg2_16	797	147	0	0	0	0	0	0
dpy-10	phen_dpy-10_sg1sg2_16	798	147	0	0	0	0	0	0
dpy-10	phen_dpy-10_sg1sg2_16	799	147	0	0	0	0	0	0
dpy-10	phen_dpy-10_sg1sg2_16	800	149	0	0	0	0	0	0
dpy-10	phen_dpy-10_sg1sg2_16	801	149	0	0	0	0	0	0
dpy-10	phen_dpy-10_sg1sg2_16	802	150	0	0	0	0	0	0
dpy-10	phen_dpy-10_sg1sg2_16	803	152	0	0	0	0	0	0
dpy-10	phen_dpy-10_sg1sg2_16	804	150	0	0	0	0	0	0
dpy-10	phen_dpy-10_sg1sg2_16	805	153	0	0	0	0	0	0
dpy-10	phen_dpy-10_sg1sg2_16	806	153	0	0	0	0	0	0
dpy-10	phen_dpy-10_sg1sg2_16	807	153	0	0	0	0	0	0
dpy-10	phen_dpy-10_sg1sg2_16	808	155	0	0	0	0	0	0
dpy-10	phen_dpy-10_sg1sg2_16	809	155	0	0	0	0	0	0
dpy-10	phen_dpy-10_sg1sg2_16	810	157	0	0	0	0	0	0
dpy-10	phen_dpy-10_sg1sg2_16	811	156	0	0	0	0	0	0
dpy-10	phen_dpy-10_sg1sg2_16	812	163	0	0	0	0	0	0
dpy-10	phen_dpy-10_sg1sg2_16	813	168	0	0	0	0	0	0
dpy-10	phen_dpy-10_sg1sg2_16	814	169	0	0	0	0	0	0
dpy-10	phen_dpy-10_sg1sg2_16	815	171	0	0	0	0	0	0
dpy-10	phen_dpy-10_sg1sg2_16	816	172	0	0	0	0	0	0
dpy-10	phen_dpy-10_sg1sg2_16	817	172	0	0	0	0	0	0
dpy-10	phen_dpy-10_sg1sg2_16	818	173	0	0	0	0	0	0
dpy-10	phen_dpy-10_sg1sg2_16	819	173	0	0	0	0	0	0
dpy-10	phen_dpy-10_sg1sg2_16	820	174	0	0	0	0	0	0
dpy-10	phen_dpy-10_sg1sg2_16	821	174	0	0	0	0	0	0
dpy-10	phen_dpy-10_sg1sg2_16	822	174	0	0	0	0	0	0
dpy-10	phen_dpy-10_sg1sg2_16	823	175	0	0	0	0	0	0
dpy-10	phen_dpy-10_sg1sg2_16	824	182	0	0	0	0	0	0
dpy-10	phen_dpy-10_sg1sg2_16	825	181	0	0	0	0	0	0
dpy-10	phen_dpy-10_sg1sg2_16	826	183	0	0	0	0	0	0
dpy-10	phen_dpy-10_sg1sg2_16	827	183	0	0	0	0	0	0
dpy-10	phen_dpy-10_sg1sg2_16	828	183	0	0	0	0	0	0
dpy-10	phen_dpy-10_sg1sg2_16	829	184	0	0	0	0	0	0
dpy-10	phen_dpy-10_sg1sg2_16	830	185	0	0	0	0	0	0
dpy-10	phen_dpy-10_sg1sg2_16	831	186	0	0	0	0	0	0
dpy-10	phen_dpy-10_sg1sg2_16	832	185	0	0	0	0	0	0
dpy-10	phen_dpy-10_sg1sg2_16	833	184	0	0	0	0	0	0
dpy-10	phen_dpy-10_sg1sg2_16	834	193	0	0	0	0	0	0
dpy-10	phen_dpy-10_sg1sg2_16	835	192	0	0	0	0	0	0
dpy-10	phen_dpy-10_sg1sg2_16	836	194	0	0	0	0	0	0
dpy-10	phen_dpy-10_sg1sg2_16	837	194	0	0	0	0	0	0
dpy-10	phen_dpy-10_sg1sg2_16	838	194	0	0	0	0	0	0
dpy-10	phen_dpy-10_sg1sg2_16	839	194	0	0	0	0	0	0
dpy-10	phen_dpy-10_sg1sg2_16	840	194	0	0	0	0	0	0
dpy-10	phen_dpy-10_sg1sg2_16	841	195	0	0	0	0	0	0
dpy-10	phen_dpy-10_sg1sg2_16	842	194	0	0	0	0	0	0
dpy-10	phen_dpy-10_sg1sg2_16	843	192	0	0	0	0	0	0
dpy-10	phen_dpy-10_sg1sg2_16	844	200	0	0	0	0	0	0
dpy-10	phen_dpy-10_sg1sg2_16	845	200	0	0	0	0	0	0
dpy-10	phen_dpy-10_sg1sg2_16	846	204	0	0	0	0	0	0
dpy-10	phen_dpy-10_sg1sg2_16	847	205	0	0	0	0	0	0
dpy-10	phen_dpy-10_sg1sg2_16	848	205	0	0	0	0	0	0
dpy-10	phen_dpy-10_sg1sg2_16	849	206	0	0	0	0	0	0
dpy-10	phen_dpy-10_sg1sg2_16	850	207	0	0	0	0	0	0
dpy-10	phen_dpy-10_sg1sg2_16	851	207	0	0	0	0	0	0
dpy-10	phen_dpy-10_sg1sg2_16	852	209	0	0	0	0	0	0
dpy-10	phen_dpy-10_sg1sg2_16	853	201	0	0	0	0	0	0
dpy-10	phen_dpy-10_sg1sg2_16	854	198	0	0	0	0	0	0
dpy-10	phen_dpy-10_sg1sg2_16	855	200	0	0	0	0	0	0
dpy-10	phen_dpy-10_sg1sg2_16	856	207	0	0	0	0	0	0
dpy-10	phen_dpy-10_sg1sg2_16	857	208	0	0	0	0	0	0
dpy-10	phen_dpy-10_sg1sg2_16	858	207	0	0	0	0	0	0
dpy-10	phen_dpy-10_sg1sg2_16	859	212	0	0	0	0	0	0
dpy-10	phen_dpy-10_sg1sg2_16	860	212	0	0	0	0	0	0
dpy-10	phen_dpy-10_sg1sg2_16	861	213	0	0	0	0	0	0
dpy-10	phen_dpy-10_sg1sg2_16	862	213	0	0	0	0	0	0
dpy-10	phen_dpy-10_sg1sg2_16	863	213	0	0	0	0	0	0
dpy-10	phen_dpy-10_sg1sg2_16	864	212	0	0	0	0	0	0
dpy-10	phen_dpy-10_sg1sg2_16	865	212	0	0	0	0	0	0
dpy-10	phen_dpy-10_sg1sg2_16	866	213	0	0	0	0	0	0
dpy-10	phen_dpy-10_sg1sg2_16	867	214	0	0	0	0	0	0
dpy-10	phen_dpy-10_sg1sg2_16	868	215	0	0	0	0	0	0
dpy-10	phen_dpy-10_sg1sg2_16	869	215	0	0	0	0	0	0
dpy-10	phen_dpy-10_sg1sg2_16	870	216	0	0	0	0	0	0
dpy-10	phen_dpy-10_sg1sg2_16	871	215	0	0	0	0	0	0
dpy-10	phen_dpy-10_sg1sg2_16	872	216	0	0	0	0	0	0
dpy-10	phen_dpy-10_sg1sg2_16	873	216	0	0	0	0	0	0
dpy-10	phen_dpy-10_sg1sg2_16	874	215	0	0	0	0	0	0
dpy-10	phen_dpy-10_sg1sg2_16	875	213	0	0	0	0	0	0
dpy-10	phen_dpy-10_sg1sg2_16	876	210	0	0	0	0	0	0
dpy-10	phen_dpy-10_sg1sg2_16	877	211	0	0	0	0	0	0
dpy-10	phen_dpy-10_sg1sg2_16	878	210	0	0	0	0	0	0
dpy-10	phen_dpy-10_sg1sg2_16	879	209	0	0	0	0	0	0
dpy-10	phen_dpy-10_sg1sg2_16	880	208	0	0	0	0	0	0
dpy-10	phen_dpy-10_sg1sg2_16	881	209	0	0	0	0	0	0
dpy-10	phen_dpy-10_sg1sg2_16	882	206	0	0	0	0	0	0
dpy-10	phen_dpy-10_sg1sg2_16	883	206	2	0	2	0.00970873786407767	0	0.00970873786407767
dpy-10	phen_dpy-10_sg1sg2_16	884	208	0	0	0	0	0	0
dpy-10	phen_dpy-10_sg1sg2_16	885	208	0	0	0	0	0	0
dpy-10	phen_dpy-10_sg1sg2_16	886	208	0	0	0	0	0	0
dpy-10	phen_dpy-10_sg1sg2_16	887	210	0	0	0	0	0	0
dpy-10	phen_dpy-10_sg1sg2_16	888	211	0	0	0	0	0	0
dpy-10	phen_dpy-10_sg1sg2_16	889	210	0	0	0	0	0	0
dpy-10	phen_dpy-10_sg1sg2_16	890	213	0	0	0	0	0	0
dpy-10	phen_dpy-10_sg1sg2_16	891	210	0	0	0	0	0	0
dpy-10	phen_dpy-10_sg1sg2_16	892	208	0	0	0	0	0	0
dpy-10	phen_dpy-10_sg1sg2_16	893	208	0	0	0	0	0	0
dpy-10	phen_dpy-10_sg1sg2_16	894	208	0	0	0	0	0	0
dpy-10	phen_dpy-10_sg1sg2_16	895	209	0	0	0	0	0	0
dpy-10	phen_dpy-10_sg1sg2_16	896	208	0	0	0	0	0	0
dpy-10	phen_dpy-10_sg1sg2_16	897	205	0	0	0	0	0	0
dpy-10	phen_dpy-10_sg1sg2_16	898	205	0	0	0	0	0	0
dpy-10	phen_dpy-10_sg1sg2_16	899	201	0	0	0	0	0	0
dpy-10	phen_dpy-10_sg1sg2_16	900	206	0	0	0	0	0	0
dpy-10	phen_dpy-10_sg1sg2_16	901	208	0	0	0	0	0	0
dpy-10	phen_dpy-10_sg1sg2_16	902	215	0	0	0	0	0	0
dpy-10	phen_dpy-10_sg1sg2_16	903	215	0	0	0	0	0	0
dpy-10	phen_dpy-10_sg1sg2_16	904	222	0	0	0	0	0	0
dpy-10	phen_dpy-10_sg1sg2_16	905	221	0	0	0	0	0	0
dpy-10	phen_dpy-10_sg1sg2_16	906	223	0	0	0	0	0	0
dpy-10	phen_dpy-10_sg1sg2_16	907	223	0	0	0	0	0	0
dpy-10	phen_dpy-10_sg1sg2_16	908	223	0	0	0	0	0	0
dpy-10	phen_dpy-10_sg1sg2_16	909	226	0	0	0	0	0	0
dpy-10	phen_dpy-10_sg1sg2_16	910	225	0	0	0	0	0	0
dpy-10	phen_dpy-10_sg1sg2_16	911	238	0	0	0	0	0	0
dpy-10	phen_dpy-10_sg1sg2_16	912	239	0	0	0	0	0	0
dpy-10	phen_dpy-10_sg1sg2_16	913	230	0	0	0	0	0	0
dpy-10	phen_dpy-10_sg1sg2_16	914	229	0	0	0	0	0	0
dpy-10	phen_dpy-10_sg1sg2_16	915	229	0	0	0	0	0	0
dpy-10	phen_dpy-10_sg1sg2_16	916	230	0	0	0	0	0	0
dpy-10	phen_dpy-10_sg1sg2_16	917	226	0	0	0	0	0	0
dpy-10	phen_dpy-10_sg1sg2_16	918	221	0	0	0	0	0	0
dpy-10	phen_dpy-10_sg1sg2_16	919	216	0	0	0	0	0	0
dpy-10	phen_dpy-10_sg1sg2_16	920	211	0	0	0	0	0	0
dpy-10	phen_dpy-10_sg1sg2_16	921	211	0	0	0	0	0	0
dpy-10	phen_dpy-10_sg1sg2_16	922	211	0	0	0	0	0	0
dpy-10	phen_dpy-10_sg1sg2_16	923	208	0	0	0	0	0	0
dpy-10	phen_dpy-10_sg1sg2_16	924	201	0	0	0	0	0	0
dpy-10	phen_dpy-10_sg1sg2_16	925	197	0	0	0	0	0	0
dpy-10	phen_dpy-10_sg1sg2_16	926	197	0	0	0	0	0	0
dpy-10	phen_dpy-10_sg1sg2_16	927	192	0	0	0	0	0	0
dpy-10	phen_dpy-10_sg1sg2_16	928	190	0	0	0	0	0	0
dpy-10	phen_dpy-10_sg1sg2_16	929	188	0	0	0	0	0	0
dpy-10	phen_dpy-10_sg1sg2_16	930	187	0	0	0	0	0	0
dpy-10	phen_dpy-10_sg1sg2_16	931	187	0	0	0	0	0	0
dpy-10	phen_dpy-10_sg1sg2_16	932	184	0	0	0	0	0	0
dpy-10	phen_dpy-10_sg1sg2_16	933	186	0	0	0	0	0	0
dpy-10	phen_dpy-10_sg1sg2_16	934	188	0	0	0	0	0	0
dpy-10	phen_dpy-10_sg1sg2_16	935	190	0	0	0	0	0	0
dpy-10	phen_dpy-10_sg1sg2_16	936	190	0	0	0	0	0	0
dpy-10	phen_dpy-10_sg1sg2_16	937	189	0	0	0	0	0	0
dpy-10	phen_dpy-10_sg1sg2_16	938	189	0	0	0	0	0	0
dpy-10	phen_dpy-10_sg1sg2_16	939	190	0	0	0	0	0	0
dpy-10	phen_dpy-10_sg1sg2_16	940	191	0	0	0	0	0	0
dpy-10	phen_dpy-10_sg1sg2_16	941	194	0	0	0	0	0	0
dpy-10	phen_dpy-10_sg1sg2_16	942	195	0	0	0	0	0	0
dpy-10	phen_dpy-10_sg1sg2_16	943	196	4	1	5	0.0204081632653061	0.00510204081632653	0.0255102040816327
dpy-10	phen_dpy-10_sg1sg2_16	944	196	4	1	5	0.0204081632653061	0.00510204081632653	0.0255102040816327
dpy-10	phen_dpy-10_sg1sg2_16	945	198	0	0	0	0	0	0
dpy-10	phen_dpy-10_sg1sg2_16	946	198	0	0	0	0	0	0
dpy-10	phen_dpy-10_sg1sg2_16	947	204	0	0	0	0	0	0
dpy-10	phen_dpy-10_sg1sg2_16	948	204	0	0	0	0	0	0
dpy-10	phen_dpy-10_sg1sg2_16	949	204	0	0	0	0	0	0
dpy-10	phen_dpy-10_sg1sg2_16	950	204	0	0	0	0	0	0
dpy-10	phen_dpy-10_sg1sg2_16	951	206	0	0	0	0	0	0
dpy-10	phen_dpy-10_sg1sg2_16	952	206	0	0	0	0	0	0
dpy-10	phen_dpy-10_sg1sg2_16	953	222	0	0	0	0	0	0
dpy-10	phen_dpy-10_sg1sg2_16	954	219	0	0	0	0	0	0
dpy-10	phen_dpy-10_sg1sg2_16	955	230	0	0	0	0	0	0
dpy-10	phen_dpy-10_sg1sg2_16	956	225	0	0	0	0	0	0
dpy-10	phen_dpy-10_sg1sg2_16	957	230	0	0	0	0	0	0
dpy-10	phen_dpy-10_sg1sg2_16	958	228	0	0	0	0	0	0
dpy-10	phen_dpy-10_sg1sg2_16	959	225	0	0	0	0	0	0
dpy-10	phen_dpy-10_sg1sg2_16	960	223	0	0	0	0	0	0
dpy-10	phen_dpy-10_sg1sg2_16	961	218	0	0	0	0	0	0
dpy-10	phen_dpy-10_sg1sg2_16	962	207	0	0	0	0	0	0
dpy-10	phen_dpy-10_sg1sg2_16	963	200	0	0	0	0	0	0
dpy-10	phen_dpy-10_sg1sg2_16	964	199	0	0	0	0	0	0
dpy-10	phen_dpy-10_sg1sg2_16	965	198	0	0	0	0	0	0
dpy-10	phen_dpy-10_sg1sg2_16	966	202	0	0	0	0	0	0
dpy-10	phen_dpy-10_sg1sg2_16	967	201	0	0	0	0	0	0
dpy-10	phen_dpy-10_sg1sg2_16	968	201	0	0	0	0	0	0
dpy-10	phen_dpy-10_sg1sg2_16	969	203	0	0	0	0	0	0
dpy-10	phen_dpy-10_sg1sg2_16	970	202	0	0	0	0	0	0
dpy-10	phen_dpy-10_sg1sg2_16	971	201	0	0	0	0	0	0
dpy-10	phen_dpy-10_sg1sg2_16	972	205	0	0	0	0	0	0
dpy-10	phen_dpy-10_sg1sg2_16	973	198	0	0	0	0	0	0
dpy-10	phen_dpy-10_sg1sg2_16	974	198	0	0	0	0	0	0
dpy-10	phen_dpy-10_sg1sg2_16	975	198	0	0	0	0	0	0
dpy-10	phen_dpy-10_sg1sg2_16	976	198	0	0	0	0	0	0
dpy-10	phen_dpy-10_sg1sg2_16	977	201	0	0	0	0	0	0
dpy-10	phen_dpy-10_sg1sg2_16	978	201	0	0	0	0	0	0
dpy-10	phen_dpy-10_sg1sg2_16	979	202	0	0	0	0	0	0
dpy-10	phen_dpy-10_sg1sg2_16	980	203	0	0	0	0	0	0
dpy-10	phen_dpy-10_sg1sg2_16	981	203	0	0	0	0	0	0
dpy-10	phen_dpy-10_sg1sg2_16	982	205	0	0	0	0	0	0
dpy-10	phen_dpy-10_sg1sg2_16	983	207	0	0	0	0	0	0
dpy-10	phen_dpy-10_sg1sg2_16	984	210	0	0	0	0	0	0
dpy-10	phen_dpy-10_sg1sg2_16	985	213	0	0	0	0	0	0
dpy-10	phen_dpy-10_sg1sg2_16	986	214	0	0	0	0	0	0
dpy-10	phen_dpy-10_sg1sg2_16	987	214	0	0	0	0	0	0
dpy-10	phen_dpy-10_sg1sg2_16	988	217	0	0	0	0	0	0
dpy-10	phen_dpy-10_sg1sg2_16	989	223	0	0	0	0	0	0
dpy-10	phen_dpy-10_sg1sg2_16	990	225	0	0	0	0	0	0
dpy-10	phen_dpy-10_sg1sg2_16	991	229	0	0	0	0	0	0
dpy-10	phen_dpy-10_sg1sg2_16	992	231	0	0	0	0	0	0
dpy-10	phen_dpy-10_sg1sg2_16	993	233	0	0	0	0	0	0
dpy-10	phen_dpy-10_sg1sg2_16	994	230	0	0	0	0	0	0
dpy-10	phen_dpy-10_sg1sg2_16	995	235	0	0	0	0	0	0
dpy-10	phen_dpy-10_sg1sg2_16	996	236	0	0	0	0	0	0
dpy-10	phen_dpy-10_sg1sg2_16	997	237	0	0	0	0	0	0
dpy-10	phen_dpy-10_sg1sg2_16	998	237	0	0	0	0	0	0
dpy-10	phen_dpy-10_sg1sg2_16	999	236	0	0	0	0	0	0
dpy-10	phen_dpy-10_sg1sg2_16	1000	236	0	0	0	0	0	0
dpy-10	phen_dpy-10_sg1sg2_16	1001	237	0	0	0	0	0	0
dpy-10	phen_dpy-10_sg1sg2_16	1002	235	0	0	0	0	0	0
dpy-10	phen_dpy-10_sg1sg2_16	1003	238	0	0	0	0	0	0
dpy-10	phen_dpy-10_sg1sg2_16	1004	236	0	0	0	0	0	0
dpy-10	phen_dpy-10_sg1sg2_16	1005	240	0	0	0	0	0	0
dpy-10	phen_dpy-10_sg1sg2_16	1006	244	0	0	0	0	0	0
dpy-10	phen_dpy-10_sg1sg2_16	1007	244	0	0	0	0	0	0
dpy-10	phen_dpy-10_sg1sg2_16	1008	248	0	0	0	0	0	0
dpy-10	phen_dpy-10_sg1sg2_16	1009	258	0	0	0	0	0	0
dpy-10	phen_dpy-10_sg1sg2_16	1010	258	0	0	0	0	0	0
dpy-10	phen_dpy-10_sg1sg2_16	1011	264	0	0	0	0	0	0
dpy-10	phen_dpy-10_sg1sg2_16	1012	266	0	0	0	0	0	0
dpy-10	phen_dpy-10_sg1sg2_16	1013	267	0	0	0	0	0	0
dpy-10	phen_dpy-10_sg1sg2_16	1014	268	0	0	0	0	0	0
dpy-10	phen_dpy-10_sg1sg2_16	1015	268	0	0	0	0	0	0
dpy-10	phen_dpy-10_sg1sg2_16	1016	271	0	0	0	0	0	0
dpy-10	phen_dpy-10_sg1sg2_16	1017	267	0	0	0	0	0	0
dpy-10	phen_dpy-10_sg1sg2_16	1018	276	0	0	0	0	0	0
dpy-10	phen_dpy-10_sg1sg2_16	1019	278	0	0	0	0	0	0
dpy-10	phen_dpy-10_sg1sg2_16	1020	276	0	0	0	0	0	0
dpy-10	phen_dpy-10_sg1sg2_16	1021	286	0	0	0	0	0	0
dpy-10	phen_dpy-10_sg1sg2_16	1022	286	0	0	0	0	0	0
dpy-10	phen_dpy-10_sg1sg2_16	1023	288	0	0	0	0	0	0
dpy-10	phen_dpy-10_sg1sg2_16	1024	291	0	0	0	0	0	0
dpy-10	phen_dpy-10_sg1sg2_16	1025	291	0	0	0	0	0	0
dpy-10	phen_dpy-10_sg1sg2_16	1026	293	0	0	0	0	0	0
dpy-10	phen_dpy-10_sg1sg2_16	1027	286	0	0	0	0	0	0
dpy-10	phen_dpy-10_sg1sg2_16	1028	286	0	0	0	0	0	0
dpy-10	phen_dpy-10_sg1sg2_16	1029	286	0	0	0	0	0	0
dpy-10	phen_dpy-10_sg1sg2_16	1030	280	0	0	0	0	0	0
dpy-10	phen_dpy-10_sg1sg2_16	1031	280	0	0	0	0	0	0
dpy-10	phen_dpy-10_sg1sg2_16	1032	280	0	0	0	0	0	0
dpy-10	phen_dpy-10_sg1sg2_16	1033	281	0	0	0	0	0	0
dpy-10	phen_dpy-10_sg1sg2_16	1034	278	0	0	0	0	0	0
dpy-10	phen_dpy-10_sg1sg2_16	1035	274	0	0	0	0	0	0
dpy-10	phen_dpy-10_sg1sg2_16	1036	276	0	0	0	0	0	0
dpy-10	phen_dpy-10_sg1sg2_16	1037	268	0	0	0	0	0	0
dpy-10	phen_dpy-10_sg1sg2_16	1038	266	0	0	0	0	0	0
dpy-10	phen_dpy-10_sg1sg2_16	1039	264	0	0	0	0	0	0
dpy-10	phen_dpy-10_sg1sg2_16	1040	263	0	0	0	0	0	0
dpy-10	phen_dpy-10_sg1sg2_16	1041	266	0	0	0	0	0	0
dpy-10	phen_dpy-10_sg1sg2_16	1042	267	0	0	0	0	0	0
dpy-10	phen_dpy-10_sg1sg2_16	1043	268	0	0	0	0	0	0
dpy-10	phen_dpy-10_sg1sg2_16	1044	268	0	0	0	0	0	0
dpy-10	phen_dpy-10_sg1sg2_16	1045	269	0	0	0	0	0	0
dpy-10	phen_dpy-10_sg1sg2_16	1046	271	0	0	0	0	0	0
dpy-10	phen_dpy-10_sg1sg2_16	1047	271	0	0	0	0	0	0
dpy-10	phen_dpy-10_sg1sg2_16	1048	271	0	0	0	0	0	0
dpy-10	phen_dpy-10_sg1sg2_16	1049	272	0	0	0	0	0	0
dpy-10	phen_dpy-10_sg1sg2_16	1050	267	0	0	0	0	0	0
dpy-10	phen_dpy-10_sg1sg2_16	1051	267	0	0	0	0	0	0
dpy-10	phen_dpy-10_sg1sg2_16	1052	265	0	0	0	0	0	0
dpy-10	phen_dpy-10_sg1sg2_16	1053	261	0	0	0	0	0	0
dpy-10	phen_dpy-10_sg1sg2_16	1054	260	0	0	0	0	0	0
dpy-10	phen_dpy-10_sg1sg2_16	1055	259	0	0	0	0	0	0
dpy-10	phen_dpy-10_sg1sg2_16	1056	257	0	0	0	0	0	0
dpy-10	phen_dpy-10_sg1sg2_16	1057	258	0	0	0	0	0	0
dpy-10	phen_dpy-10_sg1sg2_16	1058	257	0	0	0	0	0	0
dpy-10	phen_dpy-10_sg1sg2_16	1059	257	0	0	0	0	0	0
dpy-10	phen_dpy-10_sg1sg2_16	1060	258	0	0	0	0	0	0
dpy-10	phen_dpy-10_sg1sg2_16	1061	255	0	0	0	0	0	0
dpy-10	phen_dpy-10_sg1sg2_16	1062	254	0	0	0	0	0	0
dpy-10	phen_dpy-10_sg1sg2_16	1063	254	0	0	0	0	0	0
dpy-10	phen_dpy-10_sg1sg2_16	1064	254	0	0	0	0	0	0
dpy-10	phen_dpy-10_sg1sg2_16	1065	253	0	0	0	0	0	0
dpy-10	phen_dpy-10_sg1sg2_16	1066	253	0	0	0	0	0	0
dpy-10	phen_dpy-10_sg1sg2_16	1067	254	0	0	0	0	0	0
dpy-10	phen_dpy-10_sg1sg2_16	1068	252	0	0	0	0	0	0
dpy-10	phen_dpy-10_sg1sg2_16	1069	252	0	0	0	0	0	0
dpy-10	phen_dpy-10_sg1sg2_16	1070	250	0	0	0	0	0	0
dpy-10	phen_dpy-10_sg1sg2_16	1071	250	0	0	0	0	0	0
dpy-10	phen_dpy-10_sg1sg2_16	1072	250	0	0	0	0	0	0
dpy-10	phen_dpy-10_sg1sg2_16	1073	251	0	0	0	0	0	0
dpy-10	phen_dpy-10_sg1sg2_16	1074	253	0	0	0	0	0	0
dpy-10	phen_dpy-10_sg1sg2_16	1075	255	0	0	0	0	0	0
dpy-10	phen_dpy-10_sg1sg2_16	1076	254	0	0	0	0	0	0
dpy-10	phen_dpy-10_sg1sg2_16	1077	253	0	0	0	0	0	0
dpy-10	phen_dpy-10_sg1sg2_16	1078	250	0	0	0	0	0	0
dpy-10	phen_dpy-10_sg1sg2_16	1079	250	0	0	0	0	0	0
dpy-10	phen_dpy-10_sg1sg2_16	1080	250	0	0	0	0	0	0
dpy-10	phen_dpy-10_sg1sg2_16	1081	249	0	0	0	0	0	0
dpy-10	phen_dpy-10_sg1sg2_16	1082	251	0	0	0	0	0	0
dpy-10	phen_dpy-10_sg1sg2_16	1083	251	0	0	0	0	0	0
dpy-10	phen_dpy-10_sg1sg2_16	1084	252	0	0	0	0	0	0
dpy-10	phen_dpy-10_sg1sg2_16	1085	250	0	0	0	0	0	0
dpy-10	phen_dpy-10_sg1sg2_16	1086	250	0	0	0	0	0	0
dpy-10	phen_dpy-10_sg1sg2_16	1087	252	0	0	0	0	0	0
dpy-10	phen_dpy-10_sg1sg2_16	1088	248	0	0	0	0	0	0
dpy-10	phen_dpy-10_sg1sg2_16	1089	248	0	0	0	0	0	0
dpy-10	phen_dpy-10_sg1sg2_16	1090	247	0	0	0	0	0	0
dpy-10	phen_dpy-10_sg1sg2_16	1091	244	0	0	0	0	0	0
dpy-10	phen_dpy-10_sg1sg2_16	1092	244	0	0	0	0	0	0
dpy-10	phen_dpy-10_sg1sg2_16	1093	244	0	0	0	0	0	0
dpy-10	phen_dpy-10_sg1sg2_16	1094	246	0	0	0	0	0	0
dpy-10	phen_dpy-10_sg1sg2_16	1095	246	0	0	0	0	0	0
dpy-10	phen_dpy-10_sg1sg2_16	1096	247	0	0	0	0	0	0
dpy-10	phen_dpy-10_sg1sg2_16	1097	248	0	0	0	0	0	0
dpy-10	phen_dpy-10_sg1sg2_16	1098	248	0	0	0	0	0	0
dpy-10	phen_dpy-10_sg1sg2_16	1099	245	0	0	0	0	0	0
dpy-10	phen_dpy-10_sg1sg2_16	1100	245	0	0	0	0	0	0
dpy-10	phen_dpy-10_sg1sg2_16	1101	246	0	0	0	0	0	0
dpy-10	phen_dpy-10_sg1sg2_16	1102	242	0	0	0	0	0	0
dpy-10	phen_dpy-10_sg1sg2_16	1103	241	0	0	0	0	0	0
dpy-10	phen_dpy-10_sg1sg2_16	1104	236	0	0	0	0	0	0
dpy-10	phen_dpy-10_sg1sg2_16	1105	236	0	0	0	0	0	0
dpy-10	phen_dpy-10_sg1sg2_16	1106	227	0	0	0	0	0	0
dpy-10	phen_dpy-10_sg1sg2_16	1107	224	0	0	0	0	0	0
dpy-10	phen_dpy-10_sg1sg2_16	1108	223	0	0	0	0	0	0
dpy-10	phen_dpy-10_sg1sg2_16	1109	225	0	0	0	0	0	0
dpy-10	phen_dpy-10_sg1sg2_16	1110	225	0	0	0	0	0	0
dpy-10	phen_dpy-10_sg1sg2_16	1111	223	0	0	0	0	0	0
dpy-10	phen_dpy-10_sg1sg2_16	1112	223	0	0	0	0	0	0
dpy-10	phen_dpy-10_sg1sg2_16	1113	222	0	0	0	0	0	0
dpy-10	phen_dpy-10_sg1sg2_16	1114	223	0	0	0	0	0	0
dpy-10	phen_dpy-10_sg1sg2_16	1115	219	0	0	0	0	0	0
dpy-10	phen_dpy-10_sg1sg2_16	1116	219	0	0	0	0	0	0
dpy-10	phen_dpy-10_sg1sg2_16	1117	214	0	0	0	0	0	0
dpy-10	phen_dpy-10_sg1sg2_16	1118	207	0	0	0	0	0	0
dpy-10	phen_dpy-10_sg1sg2_16	1119	207	0	0	0	0	0	0
dpy-10	phen_dpy-10_sg1sg2_16	1120	207	0	0	0	0	0	0
dpy-10	phen_dpy-10_sg1sg2_16	1121	208	0	0	0	0	0	0
dpy-10	phen_dpy-10_sg1sg2_16	1122	208	0	0	0	0	0	0
dpy-10	phen_dpy-10_sg1sg2_16	1123	198	0	0	0	0	0	0
dpy-10	phen_dpy-10_sg1sg2_16	1124	199	0	0	0	0	0	0
dpy-10	phen_dpy-10_sg1sg2_16	1125	200	0	0	0	0	0	0
dpy-10	phen_dpy-10_sg1sg2_16	1126	200	0	0	0	0	0	0
dpy-10	phen_dpy-10_sg1sg2_16	1127	200	0	0	0	0	0	0
dpy-10	phen_dpy-10_sg1sg2_16	1128	196	0	0	0	0	0	0
dpy-10	phen_dpy-10_sg1sg2_16	1129	196	0	0	0	0	0	0
dpy-10	phen_dpy-10_sg1sg2_16	1130	195	0	0	0	0	0	0
dpy-10	phen_dpy-10_sg1sg2_16	1131	191	0	0	0	0	0	0
dpy-10	phen_dpy-10_sg1sg2_16	1132	189	0	0	0	0	0	0
dpy-10	phen_dpy-10_sg1sg2_16	1133	184	0	0	0	0	0	0
dpy-10	phen_dpy-10_sg1sg2_16	1134	185	0	0	0	0	0	0
dpy-10	phen_dpy-10_sg1sg2_16	1135	180	0	0	0	0	0	0
dpy-10	phen_dpy-10_sg1sg2_16	1136	177	0	0	0	0	0	0
dpy-10	phen_dpy-10_sg1sg2_16	1137	174	0	0	0	0	0	0
dpy-10	phen_dpy-10_sg1sg2_16	1138	156	0	0	0	0	0	0
dpy-10	phen_dpy-10_sg1sg2_16	1139	156	0	0	0	0	0	0
dpy-10	phen_dpy-10_sg1sg2_16	1140	151	0	0	0	0	0	0
dpy-10	phen_dpy-10_sg1sg2_16	1141	150	0	0	0	0	0	0
dpy-10	phen_dpy-10_sg1sg2_16	1142	147	0	0	0	0	0	0
dpy-10	phen_dpy-10_sg1sg2_16	1143	147	0	0	0	0	0	0
dpy-10	phen_dpy-10_sg1sg2_16	1144	145	0	0	0	0	0	0
dpy-10	phen_dpy-10_sg1sg2_16	1145	141	0	0	0	0	0	0
dpy-10	phen_dpy-10_sg1sg2_16	1146	143	0	0	0	0	0	0
dpy-10	phen_dpy-10_sg1sg2_16	1147	143	0	0	0	0	0	0
dpy-10	phen_dpy-10_sg1sg2_16	1148	141	0	0	0	0	0	0
dpy-10	phen_dpy-10_sg1sg2_16	1149	140	0	0	0	0	0	0
dpy-10	phen_dpy-10_sg1sg2_16	1150	140	0	0	0	0	0	0
dpy-10	phen_dpy-10_sg1sg2_16	1151	139	0	0	0	0	0	0
dpy-10	phen_dpy-10_sg1sg2_16	1152	136	0	0	0	0	0	0
dpy-10	phen_dpy-10_sg1sg2_16	1153	133	0	0	0	0	0	0
dpy-10	phen_dpy-10_sg1sg2_16	1154	133	0	0	0	0	0	0
dpy-10	phen_dpy-10_sg1sg2_16	1155	123	0	0	0	0	0	0
dpy-10	phen_dpy-10_sg1sg2_16	1156	122	0	0	0	0	0	0
dpy-10	phen_dpy-10_sg1sg2_16	1157	121	0	0	0	0	0	0
dpy-10	phen_dpy-10_sg1sg2_16	1158	122	0	0	0	0	0	0
dpy-10	phen_dpy-10_sg1sg2_16	1159	116	0	0	0	0	0	0
dpy-10	phen_dpy-10_sg1sg2_16	1160	99	0	0	0	0	0	0
dpy-10	phen_dpy-10_sg1sg2_16	1161	99	0	0	0	0	0	0
dpy-10	phen_dpy-10_sg1sg2_16	1162	94	0	0	0	0	0	0
dpy-10	phen_dpy-10_sg1sg2_16	1163	95	0	0	0	0	0	0
dpy-10	phen_dpy-10_sg1sg2_16	1164	95	0	0	0	0	0	0
dpy-10	phen_dpy-10_sg1sg2_16	1165	93	0	0	0	0	0	0
dpy-10	phen_dpy-10_sg1sg2_16	1166	93	0	0	0	0	0	0
dpy-10	phen_dpy-10_sg1sg2_16	1167	88	0	0	0	0	0	0
dpy-10	phen_dpy-10_sg1sg2_16	1168	86	0	0	0	0	0	0
dpy-10	phen_dpy-10_sg1sg2_16	1169	83	0	0	0	0	0	0
dpy-10	phen_dpy-10_sg1sg2_16	1170	81	0	0	0	0	0	0
dpy-10	phen_dpy-10_sg1sg2_16	1171	81	0	0	0	0	0	0
dpy-10	phen_dpy-10_sg1sg2_16	1172	78	0	0	0	0	0	0
dpy-10	phen_dpy-10_sg1sg2_16	1173	77	0	0	0	0	0	0
dpy-10	phen_dpy-10_sg1sg2_16	1174	70	0	0	0	0	0	0
dpy-10	phen_dpy-10_sg1sg2_16	1175	68	0	0	0	0	0	0
dpy-10	phen_dpy-10_sg1sg2_16	1176	67	0	0	0	0	0	0
dpy-10	phen_dpy-10_sg1sg2_16	1177	67	0	0	0	0	0	0
dpy-10	phen_dpy-10_sg1sg2_16	1178	67	0	0	0	0	0	0
dpy-10	phen_dpy-10_sg1sg2_16	1179	68	0	0	0	0	0	0
dpy-10	phen_dpy-10_sg1sg2_16	1180	68	0	0	0	0	0	0
dpy-10	phen_dpy-10_sg1sg2_16	1181	68	0	0	0	0	0	0
dpy-10	phen_dpy-10_sg1sg2_16	1182	68	0	0	0	0	0	0
dpy-10	phen_dpy-10_sg1sg2_16	1183	68	0	0	0	0	0	0
dpy-10	phen_dpy-10_sg1sg2_16	1184	67	0	0	0	0	0	0
dpy-10	phen_dpy-10_sg1sg2_16	1185	67	0	0	0	0	0	0
dpy-10	phen_dpy-10_sg1sg2_16	1186	67	0	0	0	0	0	0
dpy-10	phen_dpy-10_sg1sg2_16	1187	65	0	0	0	0	0	0
dpy-10	phen_dpy-10_sg1sg2_16	1188	65	0	0	0	0	0	0
dpy-10	phen_dpy-10_sg1sg2_16	1189	65	0	0	0	0	0	0
dpy-10	phen_dpy-10_sg1sg2_16	1190	64	0	0	0	0	0	0
dpy-10	phen_dpy-10_sg1sg2_16	1191	64	0	0	0	0	0	0
dpy-10	phen_dpy-10_sg1sg2_16	1192	65	0	0	0	0	0	0
dpy-10	phen_dpy-10_sg1sg2_16	1193	64	0	0	0	0	0	0
dpy-10	phen_dpy-10_sg1sg2_16	1194	67	0	0	0	0	0	0
dpy-10	phen_dpy-10_sg1sg2_16	1195	67	0	0	0	0	0	0
dpy-10	phen_dpy-10_sg1sg2_16	1196	64	0	0	0	0	0	0
dpy-10	phen_dpy-10_sg1sg2_16	1197	66	0	0	0	0	0	0
dpy-10	phen_dpy-10_sg1sg2_16	1198	64	0	0	0	0	0	0
dpy-10	phen_dpy-10_sg1sg2_16	1199	64	0	0	0	0	0	0
dpy-10	phen_dpy-10_sg1sg2_16	1200	64	0	0	0	0	0	0
dpy-10	phen_dpy-10_sg1sg2_16	1201	64	0	0	0	0	0	0
dpy-10	phen_dpy-10_sg1sg2_16	1202	68	0	0	0	0	0	0
dpy-10	phen_dpy-10_sg1sg2_16	1203	67	0	0	0	0	0	0
dpy-10	phen_dpy-10_sg1sg2_16	1204	67	0	0	0	0	0	0
dpy-10	phen_dpy-10_sg1sg2_16	1205	68	0	0	0	0	0	0
dpy-10	phen_dpy-10_sg1sg2_16	1206	68	0	0	0	0	0	0
dpy-10	phen_dpy-10_sg1sg2_16	1207	70	0	0	0	0	0	0
dpy-10	phen_dpy-10_sg1sg2_16	1208	70	0	0	0	0	0	0
dpy-10	phen_dpy-10_sg1sg2_16	1209	69	0	0	0	0	0	0
dpy-10	phen_dpy-10_sg1sg2_16	1210	67	0	0	0	0	0	0
dpy-10	phen_dpy-10_sg1sg2_16	1211	63	0	0	0	0	0	0
dpy-10	phen_dpy-10_sg1sg2_16	1212	63	0	0	0	0	0	0
dpy-10	phen_dpy-10_sg1sg2_16	1213	63	0	0	0	0	0	0
dpy-10	phen_dpy-10_sg1sg2_16	1214	63	0	0	0	0	0	0
dpy-10	phen_dpy-10_sg1sg2_16	1215	63	0	0	0	0	0	0
dpy-10	phen_dpy-10_sg1sg2_16	1216	62	0	0	0	0	0	0
dpy-10	phen_dpy-10_sg1sg2_16	1217	62	0	0	0	0	0	0
dpy-10	phen_dpy-10_sg1sg2_16	1218	61	0	0	0	0	0	0
dpy-10	phen_dpy-10_sg1sg2_16	1219	61	0	0	0	0	0	0
dpy-10	phen_dpy-10_sg1sg2_16	1220	61	0	0	0	0	0	0
dpy-10	phen_dpy-10_sg1sg2_16	1221	61	0	0	0	0	0	0
dpy-10	phen_dpy-10_sg1sg2_16	1222	61	0	0	0	0	0	0
dpy-10	phen_dpy-10_sg1sg2_16	1223	61	0	0	0	0	0	0
dpy-10	phen_dpy-10_sg1sg2_16	1224	58	0	0	0	0	0	0
dpy-10	phen_dpy-10_sg1sg2_16	1225	60	0	0	0	0	0	0
dpy-10	phen_dpy-10_sg1sg2_16	1226	58	0	0	0	0	0	0
dpy-10	phen_dpy-10_sg1sg2_16	1227	58	0	0	0	0	0	0
dpy-10	phen_dpy-10_sg1sg2_16	1228	58	0	0	0	0	0	0
dpy-10	phen_dpy-10_sg1sg2_16	1229	58	0	0	0	0	0	0
dpy-10	phen_dpy-10_sg1sg2_16	1230	58	0	0	0	0	0	0
dpy-10	phen_dpy-10_sg1sg2_16	1231	58	1	0	1	0.0172413793103448	0	0.0172413793103448
dpy-10	phen_dpy-10_sg1sg2_16	1232	58	0	0	0	0	0	0
dpy-10	phen_dpy-10_sg1sg2_16	1233	58	0	0	0	0	0	0
dpy-10	phen_dpy-10_sg1sg2_16	1234	58	0	0	0	0	0	0
dpy-10	phen_dpy-10_sg1sg2_16	1235	57	0	0	0	0	0	0
dpy-10	phen_dpy-10_sg1sg2_16	1236	58	0	0	0	0	0	0
dpy-10	phen_dpy-10_sg1sg2_16	1237	58	0	0	0	0	0	0
dpy-10	phen_dpy-10_sg1sg2_16	1238	58	0	0	0	0	0	0
dpy-10	phen_dpy-10_sg1sg2_16	1239	58	0	0	0	0	0	0
dpy-10	phen_dpy-10_sg1sg2_16	1240	57	0	0	0	0	0	0
dpy-10	phen_dpy-10_sg1sg2_16	1241	57	0	0	0	0	0	0
dpy-10	phen_dpy-10_sg1sg2_16	1242	57	0	0	0	0	0	0
dpy-10	phen_dpy-10_sg1sg2_16	1243	58	0	0	0	0	0	0
dpy-10	phen_dpy-10_sg1sg2_16	1244	58	0	0	0	0	0	0
dpy-10	phen_dpy-10_sg1sg2_16	1245	57	0	0	0	0	0	0
dpy-10	phen_dpy-10_sg1sg2_16	1246	57	0	0	0	0	0	0
dpy-10	phen_dpy-10_sg1sg2_16	1247	57	0	0	0	0	0	0
dpy-10	phen_dpy-10_sg1sg2_16	1248	57	0	0	0	0	0	0
dpy-10	phen_dpy-10_sg1sg2_16	1249	56	0	0	0	0	0	0
dpy-10	phen_dpy-10_sg1sg2_16	1250	57	0	0	0	0	0	0
dpy-10	phen_dpy-10_sg1sg2_16	1251	57	0	0	0	0	0	0
dpy-10	phen_dpy-10_sg1sg2_16	1252	52	0	0	0	0	0	0
dpy-10	phen_dpy-10_sg1sg2_16	1253	51	0	0	0	0	0	0
dpy-10	phen_dpy-10_sg1sg2_16	1254	49	0	0	0	0	0	0
dpy-10	phen_dpy-10_sg1sg2_16	1255	49	0	0	0	0	0	0
dpy-10	phen_dpy-10_sg1sg2_16	1256	49	0	0	0	0	0	0
dpy-10	phen_dpy-10_sg1sg2_16	1257	49	0	0	0	0	0	0
dpy-10	phen_dpy-10_sg1sg2_16	1258	49	0	0	0	0	0	0
dpy-10	phen_dpy-10_sg1sg2_16	1259	48	0	0	0	0	0	0
dpy-10	phen_dpy-10_sg1sg2_16	1260	47	0	0	0	0	0	0
dpy-10	phen_dpy-10_sg1sg2_16	1261	47	0	0	0	0	0	0
dpy-10	phen_dpy-10_sg1sg2_16	1262	47	0	0	0	0	0	0
dpy-10	phen_dpy-10_sg1sg2_16	1263	47	0	0	0	0	0	0
dpy-10	phen_dpy-10_sg1sg2_16	1264	47	0	0	0	0	0	0
dpy-10	phen_dpy-10_sg1sg2_16	1265	47	0	0	0	0	0	0
dpy-10	phen_dpy-10_sg1sg2_16	1266	47	0	0	0	0	0	0
dpy-10	phen_dpy-10_sg1sg2_16	1267	46	0	0	0	0	0	0
dpy-10	phen_dpy-10_sg1sg2_16	1268	46	0	0	0	0	0	0
dpy-10	phen_dpy-10_sg1sg2_16	1269	46	0	0	0	0	0	0
dpy-10	phen_dpy-10_sg1sg2_16	1270	45	0	0	0	0	0	0
dpy-10	phen_dpy-10_sg1sg2_16	1271	45	0	0	0	0	0	0
dpy-10	phen_dpy-10_sg1sg2_16	1272	45	0	0	0	0	0	0
dpy-10	phen_dpy-10_sg1sg2_16	1273	45	0	0	0	0	0	0
dpy-10	phen_dpy-10_sg1sg2_16	1274	44	0	0	0	0	0	0
dpy-10	phen_dpy-10_sg1sg2_16	1275	44	0	0	0	0	0	0
dpy-10	phen_dpy-10_sg1sg2_16	1276	42	0	0	0	0	0	0
dpy-10	phen_dpy-10_sg1sg2_16	1277	42	0	0	0	0	0	0
dpy-10	phen_dpy-10_sg1sg2_16	1278	42	0	0	0	0	0	0
dpy-10	phen_dpy-10_sg1sg2_16	1279	42	0	0	0	0	0	0
dpy-10	phen_dpy-10_sg1sg2_16	1280	42	0	0	0	0	0	0
dpy-10	phen_dpy-10_sg1sg2_16	1281	42	0	0	0	0	0	0
dpy-10	phen_dpy-10_sg1sg2_16	1282	39	0	0	0	0	0	0
dpy-10	phen_dpy-10_sg1sg2_16	1283	39	0	0	0	0	0	0
dpy-10	phen_dpy-10_sg1sg2_16	1284	39	0	0	0	0	0	0
dpy-10	phen_dpy-10_sg1sg2_16	1285	36	0	0	0	0	0	0
dpy-10	phen_dpy-10_sg1sg2_16	1286	34	0	0	0	0	0	0
dpy-10	phen_dpy-10_sg1sg2_16	1287	33	0	0	0	0	0	0
dpy-10	phen_dpy-10_sg1sg2_16	1288	33	0	0	0	0	0	0
dpy-10	phen_dpy-10_sg1sg2_16	1289	32	0	0	0	0	0	0
dpy-10	phen_dpy-10_sg1sg2_16	1290	32	0	0	0	0	0	0
dpy-10	phen_dpy-10_sg1sg2_16	1291	32	0	0	0	0	0	0
dpy-10	phen_dpy-10_sg1sg2_16	1292	32	0	0	0	0	0	0
dpy-10	phen_dpy-10_sg1sg2_16	1293	32	0	0	0	0	0	0
dpy-10	phen_dpy-10_sg1sg2_16	1294	32	0	0	0	0	0	0
dpy-10	phen_dpy-10_sg1sg2_16	1295	32	0	0	0	0	0	0
dpy-10	phen_dpy-10_sg1sg2_16	1296	29	0	0	0	0	0	0
dpy-10	phen_dpy-10_sg1sg2_16	1297	27	0	0	0	0	0	0
dpy-10	phen_dpy-10_sg1sg2_16	1298	27	0	0	0	0	0	0
dpy-10	phen_dpy-10_sg1sg2_16	1299	27	0	0	0	0	0	0
dpy-10	phen_dpy-10_sg1sg2_16	1300	27	0	0	0	0	0	0
dpy-10	phen_dpy-10_sg1sg2_16	1301	27	0	0	0	0	0	0
dpy-10	phen_dpy-10_sg1sg2_16	1302	27	0	0	0	0	0	0
dpy-10	phen_dpy-10_sg1sg2_16	1303	27	0	0	0	0	0	0
dpy-10	phen_dpy-10_sg1sg2_16	1304	26	0	0	0	0	0	0
dpy-10	phen_dpy-10_sg1sg2_16	1305	24	0	0	0	0	0	0
dpy-10	phen_dpy-10_sg1sg2_16	1306	22	0	0	0	0	0	0
dpy-10	phen_dpy-10_sg1sg2_16	1307	22	0	0	0	0	0	0
dpy-10	phen_dpy-10_sg1sg2_16	1308	22	0	0	0	0	0	0
dpy-10	phen_dpy-10_sg1sg2_16	1309	18	0	0	0	0	0	0
dpy-10	phen_dpy-10_sg1sg2_16	1310	17	0	0	0	0	0	0
dpy-10	phen_dpy-10_sg1sg2_16	1311	13	0	0	0	0	0	0
dpy-10	phen_dpy-10_sg1sg2_16	1312	13	0	0	0	0	0	0
dpy-10	phen_dpy-10_sg1sg2_16	1313	13	0	0	0	0	0	0
dpy-10	phen_dpy-10_sg1sg2_16	1314	1	0	0	0	0	0	0
dpy-10	phen_dpy-10_sg1sg2_16	1315	1	0	0	0	0	0	0
dpy-10	phen_dpy-10_sg1sg2_16	1316	0	0	0	0	0	0	0
dpy-10	phen_dpy-10_sg1sg2_16	1317	0	0	0	0	0	0	0
dpy-10	phen_dpy-10_sg1sg2_16	1318	0	0	0	0	0	0	0
dpy-10	phen_dpy-10_sg1sg2_16	1319	0	0	0	0	0	0	0
dpy-10	phen_dpy-10_sg1sg2_16	1320	0	0	0	0	0	0	0
